question_id,latency_sec,correct,model_response,ground_truth,question_text,avg_gpu_w,max_gpu_w,avg_power_integrated_w,max_gpu_temp_c
0,9.510,0,rural,urban,Is it a rural or an urban area,10.40,12.22,10.42,43.0
1,0.562,1,yes,yes,Is there a water area?,13.19,13.19,13.19,43.0
2,0.600,0,12345,5524,What is the amount of buildings?,12.96,12.96,12.96,43.0
3,0.551,0,3,82,What is the number of commercial buildings in the image?,14.41,14.41,14.41,43.0
4,0.567,1,yes.,yes,Is there a small water area?,13.03,13.03,13.03,43.0
5,0.599,0,12500,5380,What is the amount of residential buildings?,13.33,13.33,13.33,43.0
6,0.582,1,yes.,yes,Is a building present?,14.42,14.42,14.42,43.0
7,0.565,1,yes,yes,Is there a residential building?,13.32,13.32,13.32,43.0
8,0.542,0,1275,1064,What is the amount of roads in the image?,13.05,13.05,13.05,43.0
9,0.546,0,more.,no,Are there more water areas than commercial buildings?,14.10,14.10,14.10,44.0
10,0.502,1,yes.,yes,Is there a road?,13.40,13.40,13.40,44.0
11,0.545,1,yes.,yes,Are there less roads than buildings?,13.37,13.37,13.37,44.0
12,0.506,1,yes,yes,Is there a commercial building in the image?,13.38,13.38,13.38,44.0
13,0.746,0,120000000000000000,258,What is the amount of grass areas?,13.42,14.48,13.37,47.0
14,0.541,0,more.,yes,Are there more buildings than roads?,18.73,18.73,18.73,44.0
15,0.546,0,0,44,How many village greens are there?,13.43,13.43,13.43,44.0
16,0.531,1,yes,yes,Are there less grass areas than buildings?,13.06,13.06,13.06,44.0
17,0.589,0,1500000,19,How many medium residential buildings are there?,13.06,13.06,13.06,44.0
18,0.524,1,yes,yes,Is a circular grass area present in the image?,15.21,15.21,15.21,44.0
19,0.583,0,1000,27,What is the amount of pitchs?,13.08,13.08,13.08,44.0
20,0.570,1,yes,yes,Is there a village green?,14.13,14.13,14.13,44.0
21,0.558,1,yes,yes,Is a large commercial building present in the image?,13.06,13.06,13.06,44.0
22,0.554,0,4,42,What is the number of water areas?,13.14,13.14,13.14,44.0
23,0.533,0,0,no,Is the number of buildings equal to the number of water areas?,13.10,13.11,13.11,44.0
24,0.510,1,yes,yes,Is there a small road?,13.20,13.20,13.20,44.0
25,0.563,0,yes.,no,Is there a rectangular road?,13.13,13.13,13.13,44.0
26,0.717,0,"1,000,000,000",1064,How many small roads are there?,13.61,14.05,13.59,45.0
27,0.574,1,no.,no,Is the number of residential buildings equal to the number of medium roads?,17.24,17.24,17.24,45.0
28,0.533,0,more,yes,Are there more roads than rectangular water areas?,13.65,13.65,13.65,45.0
29,0.612,0,0,2,How many circular residential buildings are there?,13.13,13.18,13.15,46.0
30,0.503,1,yes.,yes,Is there a grass area?,13.20,13.20,13.20,45.0
31,0.569,0,23.08,117,What is the amount of forests?,13.53,13.53,13.53,45.0
32,0.566,0,unknown,19,How many rectangular commercial buildings are there?,14.85,14.85,14.85,45.0
33,0.518,1,yes,yes,Is a forest present?,13.20,13.20,13.20,45.0
34,0.518,0,590,498,How many farmlands are there?,13.13,13.13,13.13,45.0
35,0.510,0,less,no,Are there less buildings than grass areas in the image?,14.13,14.13,14.13,45.0
36,0.489,0,no.,yes,Is a rectangular water area present?,13.20,13.20,13.20,45.0
37,0.657,0,1234567890,104,What is the number of small grass areas?,13.63,14.30,13.59,48.0
38,0.536,1,yes.,yes,Is there a circular parking?,16.30,16.30,16.30,45.0
39,0.542,1,yes,yes,Are there less roads than residential buildings?,13.52,13.52,13.52,45.0
40,0.596,0,1000,3,What is the amount of square grass areas?,13.18,13.18,13.18,45.0
41,0.544,0,more.,no,Are there more commercial buildings than roads?,14.20,14.20,14.20,45.0
42,0.587,1,yes,yes,Is a small building present?,13.57,13.57,13.58,45.0
43,0.527,1,yes.,yes,Is there a parking?,13.12,13.12,13.12,45.0
44,0.513,0,millions,2,How many large commercial buildings are there?,13.51,13.51,13.51,45.0
45,0.504,0,more,yes,Are there more commercial buildings than residential areas?,13.21,13.21,13.21,45.0
46,0.584,0,more,no,Are there more commercial buildings than forests in the image?,13.24,13.24,13.24,45.0
47,0.539,0,12,0,What is the amount of circular roads?,13.13,13.13,13.13,45.0
48,0.544,1,no.,no,Is the number of residential buildings equal to the number of roads?,13.55,13.55,13.55,45.0
49,0.574,1,no.,no,Is there a square road?,13.70,13.70,13.70,45.0
50,0.515,0,less,yes,Are there less commercial buildings than farmlands?,13.51,13.51,13.51,45.0
51,0.552,0,no.,yes,Is there a small residential building in the image?,13.19,13.19,13.19,45.0
52,0.543,1,yes,yes,Are there less grass areas than roads?,13.56,13.56,13.56,45.0
53,0.529,0,yes,no,Is a large road present?,13.22,13.22,13.22,45.0
54,0.564,0,0,no,Is the number of buildings equal to the number of roads?,13.20,13.20,13.20,45.0
55,0.533,0,12500,72,What is the number of small commercial buildings?,13.32,13.32,13.32,45.0
56,0.587,0,unknown,2,What is the amount of square residential buildings?,14.65,14.65,14.65,46.0
57,0.539,1,yes,yes,Are there less parkings than residential buildings?,13.28,13.28,13.28,46.0
58,0.479,0,no.,yes,Is there a farmland in the image?,13.27,13.27,13.27,46.0
59,0.570,1,yes,yes,Is there a orchard?,13.62,13.62,13.62,46.0
60,0.476,1,yes.,yes,Is there a rectangular residential building?,13.23,13.23,13.23,46.0
61,0.549,0,less,yes,Are there less commercial buildings than grass areas?,13.70,13.70,13.70,46.0
62,0.530,0,less,no,Are there less commercial buildings than water areas?,13.26,13.26,13.26,46.0
63,0.482,0,no,yes,Is there a residential area in the image?,13.20,13.20,13.20,46.0
64,0.513,0,0,no,Is the number of commercial buildings equal to the number of water areas?,13.32,13.32,13.32,46.0
65,0.559,0,250000,0,What is the amount of square commercial buildings?,13.26,13.26,13.26,46.0
66,0.573,1,0,0,How many medium roads are there?,14.96,14.96,14.97,46.0
67,0.572,0,more,yes,Are there more buildings than water areas?,13.20,13.20,13.20,46.0
68,0.510,1,yes,yes,Are there less medium grass areas than roads?,13.25,13.25,13.25,46.0
69,0.704,0,1000000000000000000,11,How many orchards are there?,13.63,16.19,13.45,50.0
70,0.443,0,no,yes,Is there a medium residential building in the image?,19.31,19.31,19.31,46.0
71,0.573,0,0,no,Is the number of roads equal to the number of water areas?,13.29,13.29,13.29,46.0
72,0.497,0,0,no,Are there more medium water areas than commercial buildings?,13.31,13.31,13.31,46.0
73,0.563,0,no,yes,Are there less grass areas than residential buildings?,13.30,13.30,13.30,46.0
74,0.972,0,0.0000000000000000000000000000000,1,What is the amount of square water areas?,13.26,13.29,13.27,48.0
75,0.519,0,4,3,What is the amount of circular grass areas?,24.40,24.40,24.40,46.0
76,0.564,1,yes.,yes,Is there a large building?,13.25,13.25,13.25,46.0
77,0.519,1,yes,yes,Is a circular water area present?,13.60,13.60,13.60,46.0
78,0.548,0,12,3,What is the amount of large buildings in the image?,13.25,13.25,13.25,46.0
79,0.589,1,no.,no,Is there a square farmland in the image?,13.65,13.65,13.65,46.0
80,0.588,1,no.,no,Are there less residential buildings than water areas?,13.59,13.59,13.59,46.0
81,0.484,1,yes,yes,Are there less circular residential buildings than roads?,13.64,13.64,13.64,46.0
82,0.566,0,0,no,Is the number of commercial buildings equal to the number of pitchs?,13.30,13.30,13.30,46.0
83,0.585,0,less,yes,Are there less commercial buildings than roads in the image?,13.35,13.35,13.35,46.0
84,0.533,0,no,yes,Is there a commercial building at the bottom of the  circular forest?,13.31,13.31,13.31,46.0
85,0.510,1,yes,yes,Are there less small grass areas than buildings?,13.37,13.37,13.37,46.0
86,0.533,0,more,no,Are there more water areas than small grass areas?,13.33,13.33,13.33,46.0
87,0.507,1,yes,yes,Is there a small commercial building?,13.24,13.24,13.24,46.0
88,0.527,0,0,no,Is the number of water areas equal to the number of rectangular buildings?,13.26,13.26,13.26,46.0
89,0.497,1,yes,yes,Is there a square water area?,13.41,13.41,13.41,46.0
90,0.542,0,yes,no,Is there a square village green?,13.29,13.29,13.29,46.0
91,0.541,0,less,yes,Are there less circular buildings than water areas?,13.22,13.22,13.22,46.0
92,0.468,1,yes.,yes,Is there a rectangular commercial building?,13.26,13.26,13.26,46.0
93,0.530,1,no.,no,Is the number of forests equal to the number of water areas?,13.62,13.62,13.62,46.0
94,0.520,1,yes.,yes,Is a circular building present?,13.67,13.67,13.67,46.0
95,0.566,1,no.,no,Is the number of roads equal to the number of commercial buildings?,13.63,13.63,13.63,46.0
96,0.561,0,0,no,Is the number of roads equal to the number of forests?,13.68,13.68,13.68,46.0
97,0.504,0,yes.,no,Are there less forests than commercial buildings?,13.21,13.21,13.21,46.0
98,0.546,0,likely.,yes,Are there more grass areas than square buildings?,13.72,13.72,13.72,46.0
99,0.482,1,yes.,yes,Is there a square building?,14.01,14.01,14.01,46.0
100,0.582,1,rural,rural,Is it a rural or an urban area,13.66,13.66,13.66,46.0
101,0.506,0,6,5,What is the number of commercial buildings in the image?,13.24,13.24,13.24,46.0
102,0.461,1,yes,yes,Is there a residential building?,13.31,13.31,13.31,47.0
103,0.556,1,yes,yes,Is a road present?,13.34,13.34,13.34,47.0
104,0.597,1,yes.,yes,Is a building present?,13.24,13.24,13.24,47.0
105,0.497,0,unknown.,202,How many small roads are there?,13.58,13.58,13.58,47.0
106,0.580,1,yes,yes,Is a farmland present?,13.61,13.61,13.61,47.0
107,0.538,1,yes,yes,Is a grass area present?,13.24,13.24,13.24,47.0
108,0.510,0,less,yes,Are there less commercial buildings than farmlands?,13.24,13.24,13.24,47.0
109,0.561,0,42,202,How many roads are there?,13.34,13.34,13.34,47.0
110,0.519,0,0,no,Is the number of residential buildings equal to the number of water areas?,13.66,13.66,13.66,47.0
111,0.556,1,yes.,yes,Is there a rectangular building?,13.45,13.45,13.45,47.0
112,0.529,0,more.,yes,Are there more water areas than commercial buildings?,13.68,13.68,13.68,47.0
113,0.515,1,yes,yes,Is a forest present?,13.69,13.69,13.68,47.0
114,0.475,0,12,230,What is the amount of buildings in the image?,13.28,13.28,13.28,47.0
115,0.574,0,125,224,What is the number of residential buildings?,13.68,13.68,13.68,47.0
116,0.483,0,more.,yes,Are there more buildings than farmlands?,14.02,14.02,14.02,47.0
117,0.502,0,yes,no,Are there more grass areas than buildings?,13.72,13.72,13.72,47.0
118,0.505,1,yes,yes,Is a water area present?,13.35,13.35,13.35,47.0
119,0.597,0,10,no,Is the number of water areas equal to the number of commercial buildings in the image?,13.36,13.36,13.36,47.0
120,0.577,1,yes,yes,Is there a commercial building?,13.82,13.82,13.82,47.0
121,0.524,0,3.04,90,What is the amount of forests?,13.32,13.32,13.32,47.0
122,0.535,1,no,no,Are there less residential buildings than water areas?,14.72,14.72,14.72,47.0
123,0.577,0,3,14,What is the number of water areas?,13.33,13.33,13.33,47.0
124,0.577,1,no.,no,Is the number of buildings equal to the number of roads?,13.34,13.34,13.34,47.0
125,0.533,0,2,no,Is the number of grass areas equal to the number of water areas?,14.08,14.08,14.08,47.0
126,0.533,0,more.,no,Are there more water areas than roads?,13.39,13.39,13.39,47.0
127,0.560,0,500,5,What is the amount of orchards?,13.66,13.66,13.66,47.0
128,0.507,0,more.,yes,Are there more roads than water areas?,13.96,13.96,13.96,47.0
129,0.515,0,more,no,Are there more small commercial buildings than forests?,13.70,13.70,13.70,47.0
130,0.586,0,0,no,Is the number of water areas equal to the number of circular roads?,13.30,13.30,13.30,47.0
131,0.618,0,450000,0,What is the amount of square residential buildings?,13.54,14.56,13.47,49.0
132,0.518,0,not,no,Is the number of grass areas equal to the number of buildings?,15.12,15.12,15.12,47.0
133,0.528,0,no,yes,Is a rectangular farmland present?,13.35,13.36,13.36,47.0
134,0.577,0,12,126,How many grass areas are there?,13.36,13.36,13.36,47.0
135,0.836,0,1000000000000000000,63,How many large forests are there?,14.25,15.39,14.21,50.0
136,0.556,0,13.5,77,What is the amount of large farmlands?,21.56,22.01,21.53,47.0
137,0.613,0,27,76,How many large grass areas are there?,14.57,14.78,14.66,49.0
138,0.561,0,no.,yes,Are there less water areas than forests?,13.65,13.65,13.65,47.0
139,0.545,0,less,no,Are there less roads than forests?,13.70,13.70,13.70,47.0
140,0.519,1,yes,yes,Is there a medium commercial building?,13.28,13.28,13.28,47.0
141,0.722,0,1400000000000,78,What is the number of farmlands?,13.41,13.98,13.38,47.0
142,0.546,0,12,217,What is the number of small residential buildings in the image?,17.53,17.53,17.53,47.0
143,0.433,1,no.,no,Is the number of residential buildings equal to the number of roads?,13.77,13.77,13.77,47.0
144,0.481,0,4500,0,What is the amount of square commercial buildings?,13.83,13.83,13.83,47.0
145,0.579,0,unknown,0,What is the number of medium roads?,14.45,14.45,14.45,47.0
146,0.521,0,yes,no,Is a square residential building present?,13.34,13.34,13.34,47.0
147,0.521,1,no.,no,Is the number of circular commercial buildings equal to the number of farmlands?,13.39,13.39,13.39,47.0
148,0.589,0,2500,1,What is the amount of medium farmlands on the left of a  building?,13.82,13.82,13.82,47.0
149,0.557,1,no,no,Is the number of roads equal to the number of square residential buildings?,14.56,14.56,14.56,47.0
150,0.525,0,42,1,How many commercials are there?,13.52,13.52,13.52,47.0
151,0.591,0,more.,yes,Are there more residential buildings than roads?,13.71,13.71,13.71,47.0
152,0.679,0,10000000,0,How many large residential buildings are there?,13.68,13.72,13.70,50.0
153,0.521,0,more,no,Are there more commercial buildings than forests?,15.81,15.81,15.81,47.0
154,0.562,0,unknown,7,How many medium residential buildings are there?,13.43,13.43,13.43,47.0
155,0.531,0,1,yes,Are there more residential buildings than water areas?,13.40,13.40,13.40,47.0
156,0.513,0,yes,no,Is a circular building present?,13.38,13.38,13.38,47.0
157,0.518,0,less,no,Are there less buildings than roads?,13.32,13.32,13.32,47.0
158,0.533,0,1,9,What is the number of rectangular water areas?,13.35,13.35,13.35,47.0
159,0.497,0,unknown,1,How many large buildings are there?,13.33,13.33,13.33,47.0
160,0.529,0,no,yes,Is a rectangular residential building present in the image?,13.41,13.41,13.41,47.0
161,0.557,0,not,no,Are there more circular grass areas than commercial buildings?,13.49,13.49,13.49,47.0
162,0.485,1,no,no,Are there less residential buildings than roads?,14.39,14.39,14.39,47.0
163,0.595,0,1000000,2,How many small commercial buildings are there?,13.42,13.42,13.42,47.0
164,0.595,0,no,yes,Are there less square residential buildings than residential buildings?,15.43,15.43,15.43,47.0
165,0.550,0,4,2,How many circular grass areas are there?,13.48,13.48,13.48,47.0
166,0.513,0,0,no,Is the number of commercial buildings equal to the number of water areas?,13.33,13.33,13.33,47.0
167,0.577,0,0,14,What is the number of water areas on the right of a  residential building?,13.41,13.41,13.41,47.0
168,0.550,0,0,no,Is the number of buildings equal to the number of forests?,13.47,13.47,13.47,47.0
169,0.552,0,0,no,Is the number of residential buildings equal to the number of water areas on the right of a  residential building?,13.42,13.42,13.42,47.0
170,0.503,0,millions,yes,Are there less medium buildings than roads?,13.57,13.57,13.57,47.0
171,0.522,0,0,no,Is the number of water areas equal to the number of residential buildings?,13.40,13.40,13.40,47.0
172,0.551,0,yes.,no,Is there a circular road?,13.58,13.58,13.58,47.0
173,0.603,0,1,130,How many rectangular buildings are there?,13.73,13.73,13.73,47.0
174,0.542,1,no,no,Is the number of commercial buildings equal to the number of farmlands?,13.47,13.47,13.47,47.0
175,0.635,0,more.,yes,Are there more buildings than roads?,13.31,13.42,13.36,47.0
176,0.603,0,more.,no,Are there more commercial buildings than farmlands?,13.77,13.77,13.77,47.0
177,0.513,0,0,5,What is the number of commercial buildings at the top of a  water area?,13.73,13.73,13.73,47.0
178,0.773,0,1000000000000000000,2,How many large water areas are there?,13.74,14.34,13.71,48.0
179,0.590,0,more,no,Are there more commercial buildings than water areas?,19.59,19.59,19.59,48.0
180,0.556,0,not,no,Is the number of buildings equal to the number of large roads?,13.37,13.37,13.37,47.0
181,0.541,0,125,no,Is the number of farmlands equal to the number of residential buildings in the image?,13.41,13.41,13.41,47.0
182,0.555,1,no.,no,Is there a circular commercial building?,14.24,14.24,14.24,47.0
183,0.531,0,infinite,0,How many circular roads are there?,13.73,13.73,13.73,47.0
184,0.552,0,1000000,3,What is the amount of medium commercial buildings?,13.34,13.34,13.34,48.0
185,0.498,0,one,0,How many circular buildings are there?,15.50,15.50,15.50,48.0
186,0.503,0,0,no,Are there more water areas on the left of a  farmland than water areas?,13.40,13.40,13.40,48.0
187,0.525,1,0,0,How many square buildings are there?,13.45,13.45,13.45,48.0
188,0.591,0,yes,no,Is a square commercial building present?,13.35,13.35,13.35,48.0
189,0.590,0,0,no,Is the number of roads equal to the number of water areas?,13.39,13.39,13.39,48.0
190,0.562,1,yes,yes,Is there a medium grass area?,13.42,13.42,13.42,48.0
191,0.498,1,0,0,How many circular residential buildings are there?,13.36,13.36,13.36,48.0
192,0.550,0,yes,no,Is a medium road present?,13.44,13.44,13.44,48.0
193,0.515,0,yes,no,Are there less grass areas than circular roads?,13.36,13.36,13.36,48.0
194,0.546,0,0,10,What is the amount of water areas at the top of a  commercial building?,13.35,13.35,13.35,48.0
195,0.516,0,unknown,yes,Are there more water areas than commercial buildings at the bottom of a  forest?,13.51,13.51,13.51,48.0
196,0.542,1,no.,no,Is there a forest at the bottom of a  large road?,13.46,13.46,13.46,48.0
197,0.513,0,less,no,Are there less rectangular grass areas than water areas?,13.77,13.77,13.77,48.0
198,0.551,0,1200,0,What is the amount of circular commercial buildings?,13.41,13.41,13.41,48.0
199,0.510,0,more,yes,Are there more buildings than grass areas?,14.44,14.44,14.44,48.0
200,0.552,1,rural,rural,Is it a rural or an urban area,13.42,13.42,13.42,48.0
201,0.445,1,yes,yes,Is there a forest in the image?,13.37,13.37,13.37,48.0
202,0.548,0,800,13,What is the number of forests?,13.39,13.39,13.39,48.0
203,0.571,1,yes,yes,Is a water area present?,14.40,14.40,14.40,48.0
204,0.567,0,4.57,30,What is the amount of roads?,13.38,13.38,13.38,48.0
205,0.508,0,yes,no,Is there a circular nature reserve?,14.77,14.77,14.77,48.0
206,0.461,0,one,1,How many water areas are there?,13.39,13.39,13.39,48.0
207,0.561,0,12000,0,What is the amount of medium water areas in the image?,13.42,13.42,13.42,48.0
208,0.557,0,9.7,no,Are there less roads than water areas?,14.83,14.83,14.83,48.0
209,0.555,1,yes.,yes,Is there a road?,14.47,14.47,14.47,48.0
210,0.603,0,4,3,How many grass areas are there in the image?,13.70,13.70,13.70,48.0
211,0.501,0,more,yes,Are there more nature reserves than water areas?,13.43,13.43,13.43,48.0
212,0.552,0,no,yes,Is a road at the top of a  forest present?,13.45,13.45,13.45,48.0
213,0.532,1,yes,yes,Is a small forest present in the image?,13.43,13.43,13.43,48.0
214,0.559,0,more,no,Are there more water areas than roads?,13.40,13.40,13.40,48.0
215,0.565,0,yes.,no,Is there a circular road?,13.44,13.44,13.44,48.0
216,0.810,0,1000000000000000000,0,How many large water areas are there?,14.43,15.80,14.38,51.0
217,0.459,0,no,yes,Is a water area at the top of a  forest present?,21.90,21.90,21.90,48.0
218,0.554,0,15000+,3,How many nature reserves are there?,13.47,13.47,13.47,48.0
219,0.524,0,3,no,Is the number of water areas equal to the number of forests in the image?,15.16,15.16,15.16,48.0
220,0.596,0,0,1,What is the amount of water areas on the left of a  road?,13.54,13.54,13.54,48.0
221,0.576,0,forests,yes,Are there more forests than water areas?,13.47,13.47,13.47,48.0
222,0.537,0,no.,yes,Is a rectangular water area present?,13.72,13.72,13.72,48.0
223,0.554,1,yes,yes,Is there a grass area?,13.75,13.75,13.75,48.0
224,0.572,0,1.5,3,What is the amount of large nature reserves?,13.35,13.35,13.35,48.0
225,0.463,1,0,0,How many medium roads are there?,14.46,14.46,14.46,48.0
226,0.538,0,unknown,no,Are there more square roads than water areas?,13.39,13.39,13.39,48.0
227,0.571,0,zero.,1,What is the number of circular forests?,13.39,13.39,13.39,48.0
228,0.526,0,0,no,Is the number of roads equal to the number of forests?,13.74,13.74,13.74,48.0
229,0.600,0,4,1,What is the number of circular water areas?,13.40,13.40,13.40,48.0
230,0.533,0,more.,yes,Are there more roads than water areas?,13.38,13.38,13.38,48.0
231,0.553,0,no.,yes,Is a nature reserve present in the image?,13.77,13.77,13.77,48.0
232,0.545,0,0,5,What is the number of roads at the bottom of the  water area?,13.75,13.75,13.75,48.0
233,0.486,0,more.,yes,Are there more roads than forests?,13.47,13.47,13.47,48.0
234,0.507,0,3,no,Is the number of water areas equal to the number of grass areas?,13.78,13.78,13.78,48.0
235,0.534,1,no.,no,Is the number of forests equal to the number of water areas?,13.47,13.47,13.47,48.0
236,0.584,0,yes,no,Are there more grass areas than roads?,13.78,13.78,13.78,48.0
237,0.526,0,no.,yes,Are there less water areas than roads?,13.39,13.39,13.39,48.0
238,0.567,0,0,3,What is the amount of rectangular forests?,13.72,13.72,13.72,48.0
239,0.456,0,unknown,1,How many small forests are there?,13.46,13.46,13.46,48.0
240,0.517,0,not,no,Is the number of grass areas equal to the number of roads?,13.37,13.37,13.37,48.0
241,0.781,0,1000000000000000000,1,What is the number of square water areas?,13.66,14.24,13.63,51.0
242,0.531,1,no,no,Are there less roads than forests?,19.66,19.66,19.66,48.0
243,0.513,0,more,yes,Are there more forests than medium water areas?,13.46,13.46,13.46,48.0
244,0.500,1,yes.,yes,Is there a circular forest?,13.40,13.40,13.40,48.0
245,0.517,1,yes.,yes,Are there less forests than roads?,13.76,13.76,13.76,48.0
246,0.517,0,more,no,Are there more water areas than square forests?,13.74,13.74,13.74,48.0
247,0.540,1,yes,yes,Is a circular water area present?,13.39,13.39,13.39,48.0
248,0.510,0,2,no,Are there less grass areas than water areas?,13.40,13.40,13.40,48.0
249,0.532,0,more.,no,Are there more water areas than nature reserves?,13.44,13.44,13.44,48.0
250,0.558,0,yes,no,Is a medium water area present?,13.77,13.77,13.77,48.0
251,0.485,1,yes,yes,Is there a water area on the left of a  road?,13.43,13.43,13.43,48.0
252,0.551,0,4,0,What is the number of square roads?,13.48,13.48,13.48,48.0
253,0.536,1,yes,yes,Is a medium forest present?,13.44,13.44,13.44,48.0
254,0.552,1,no.,no,Is the number of forests equal to the number of roads?,13.40,13.40,13.40,48.0
255,0.548,0,0,10,What is the amount of forests at the bottom of a  road?,14.19,14.19,14.19,48.0
256,0.721,0,1500000000000000000,0,What is the number of large roads?,14.02,15.81,13.93,52.0
257,0.543,0,0,no,Is the number of water areas equal to the number of small roads?,19.66,19.66,19.66,48.0
258,0.492,0,0,no,Is the number of water areas equal to the number of roads?,13.46,13.46,13.46,48.0
259,0.569,0,yes.,no,Is there a large water area?,13.45,13.45,13.45,48.0
260,0.542,0,less,no,Are there less water areas than water areas on the right of a  forest?,13.75,13.75,13.75,48.0
261,0.581,0,infinite,0,How many circular roads are there?,13.47,13.47,13.47,48.0
262,0.571,0,2,0,What is the number of rectangular roads?,13.44,13.44,13.44,48.0
263,0.486,0,0,no,Is the number of roads equal to the number of forests on the left of a  medium water area in the image?,13.47,13.47,13.47,48.0
264,0.589,0,no.,yes,Are there less water areas than grass areas?,13.64,13.64,13.64,48.0
265,0.532,1,no.,no,Are there less forests than water areas?,13.73,13.73,13.73,48.0
266,0.554,0,more.,no,Are there more water areas than forests?,13.74,13.74,13.74,48.0
267,0.492,0,yes.,no,Is there a medium nature reserve?,13.76,13.76,13.76,48.0
268,0.491,0,0,no,Is the number of roads equal to the number of water areas?,13.73,13.73,13.73,48.0
269,0.552,0,0,1,What is the number of square forests?,13.50,13.50,13.50,48.0
270,0.479,0,less,no,Are there less roads than circular water areas?,13.43,13.43,13.43,48.0
271,0.546,0,0,yes,Is the number of circular forests equal to the number of water areas?,13.43,13.43,13.43,48.0
272,0.545,0,unknown,30,How many small roads are there?,13.47,13.47,13.47,48.0
273,0.488,1,yes,yes,Is a small road present?,13.40,13.40,13.40,48.0
274,0.587,1,no.,no,Is there a square road?,13.42,13.42,13.42,48.0
275,0.573,0,0,no,Is the number of roads equal to the number of rectangular water areas?,13.76,13.76,13.76,48.0
276,0.536,0,12,3,How many nature reserves next to a  road are there?,13.51,13.51,13.51,48.0
277,0.550,0,yes,no,Are there less roads than grass areas?,13.85,13.85,13.85,48.0
278,0.527,0,1,0,What is the number of rectangular grass areas?,13.44,13.44,13.44,48.0
279,0.495,1,no.,no,Are there more forests than roads?,13.45,13.45,13.45,48.0
280,0.543,0,0,1,What is the number of water areas next to a  forest?,13.77,13.77,13.77,48.0
281,0.477,0,2,3,How many grass areas next to the  water area are there?,13.45,13.45,13.45,48.0
282,0.470,0,more,no,Are there more large water areas than medium forests?,13.44,13.44,13.44,48.0
283,0.532,0,yes.,no,Is there a rectangular road?,13.46,13.46,13.46,48.0
284,0.527,0,1200,0,What is the amount of circular nature reserves?,13.74,13.74,13.74,48.0
285,0.595,0,0,1,What is the number of rectangular water areas?,14.41,14.41,14.41,48.0
286,0.574,0,0,no,Is the number of forests equal to the number of water areas on the right of a  road?,13.40,13.40,13.40,48.0
287,0.492,0,zero,13,How many forests at the top of a  road are there?,13.60,13.60,13.60,48.0
288,0.520,1,yes,yes,Is there a nature reserve next to a  road?,13.48,13.48,13.48,48.0
289,0.561,0,yes,no,Is a circular grass area present?,13.46,13.46,13.46,48.0
290,0.543,0,no.,yes,Are there less water areas than forests?,13.40,13.40,13.40,48.0
291,0.526,0,more,yes,Are there more water areas than rectangular roads?,13.84,13.84,13.84,48.0
292,0.530,0,0,1,What is the number of square water areas at the bottom of a  road?,13.44,13.44,13.44,48.0
293,0.520,0,more,no,Are there more medium forests than water areas?,13.51,13.51,13.51,48.0
294,0.541,0,more,yes,Are there more roads than large forests in the image?,13.46,13.46,13.46,48.0
295,0.534,0,unknown,1,How many medium forests are there?,13.47,13.47,13.47,48.0
296,0.491,1,yes,yes,Is a forest on the right of the  circular water area present?,13.44,13.44,13.44,48.0
297,0.514,0,0,no,Is the number of water areas equal to the number of circular roads?,13.53,13.53,13.52,48.0
298,0.510,1,yes,yes,Are there less rectangular nature reserves than roads?,13.50,13.50,13.50,48.0
299,0.492,0,no.,yes,Is a square forest present?,13.45,13.45,13.45,48.0
300,0.442,1,rural,rural,Is it a rural or an urban area,13.81,13.80,13.80,48.0
301,0.606,0,yes,no,Is a rectangular road present?,13.48,13.48,13.48,48.0
302,0.596,0,millions,7,How many commercial buildings are there?,13.48,13.48,13.48,48.0
303,0.528,0,12,164,What is the amount of residential buildings in the image?,13.53,13.53,13.53,48.0
304,0.570,0,1.6,152,What is the amount of forests?,13.88,13.88,13.88,48.0
305,0.547,1,yes.,yes,Is a building present?,14.11,14.11,14.11,48.0
306,0.495,0,5,187,How many roads are there in the image?,13.81,13.81,13.81,48.0
307,0.513,0,3,10,What is the number of orchards in the image?,13.49,13.49,13.49,48.0
308,0.571,1,yes,yes,Is a residential building present?,13.49,13.49,13.49,48.0
309,0.520,1,yes,yes,Is a road present in the image?,13.46,13.46,13.46,48.0
310,0.501,1,yes,yes,Is there a commercial building?,13.46,13.46,13.46,48.0
311,0.550,1,yes,yes,Is a water area present?,13.45,13.45,13.45,48.0
312,0.485,1,yes,yes,Is a grass area present?,13.39,13.39,13.39,48.0
313,0.514,0,12.5,25,What is the amount of water areas?,13.47,13.47,13.47,48.0
314,0.539,1,yes,yes,Is there a circular orchard?,14.50,14.50,14.50,48.0
315,0.723,0,13000000000,79,What is the number of farmlands?,13.42,13.50,13.43,48.0
316,0.529,1,no.,no,Is there a medium road?,16.98,16.98,16.98,48.0
317,0.479,1,yes,yes,Is there a circular water area?,13.85,13.85,13.85,48.0
318,0.636,0,10000000,0,How many large residential buildings are there?,13.66,14.60,13.59,49.0
319,0.490,0,23,191,How many buildings are there?,15.95,15.95,15.95,48.0
320,0.512,0,less,no,Are there less roads than commercial buildings in the image?,13.88,13.88,13.88,48.0
321,0.527,1,no.,no,Is the number of roads equal to the number of commercial buildings?,13.54,13.54,13.54,48.0
322,0.525,1,yes,yes,Is a large water area present?,13.90,13.90,13.90,48.0
323,0.519,1,0,0,What is the number of square commercial buildings?,13.49,13.49,13.49,48.0
324,0.550,0,0,no,Is the number of water areas equal to the number of buildings?,13.47,13.47,13.47,48.0
325,0.550,0,less,no,Are there less buildings than grass areas?,13.57,13.57,13.57,48.0
326,0.487,1,yes,yes,Is there a forest?,13.52,13.52,13.52,48.0
327,0.557,1,no,no,Is the number of residential buildings equal to the number of roads?,13.43,13.43,13.43,48.0
328,0.475,1,yes,yes,Is a small road present?,13.67,13.67,13.67,48.0
329,0.533,0,4,164,How many residential buildings at the top of a  road are there?,13.51,13.51,13.50,48.0
330,0.557,0,more.,no,Are there more roads than buildings?,13.65,13.65,13.65,48.0
331,0.541,1,0,0,How many circular commercial buildings are there?,13.89,13.89,13.89,48.0
332,0.641,0,125000000,114,What is the amount of grass areas?,13.70,14.74,13.63,49.0
333,0.587,0,1250000,101,What is the amount of rectangular residential buildings?,16.30,16.30,16.30,48.0
334,0.559,0,yes.,no,Is there a circular road?,15.54,15.54,15.54,48.0
335,0.534,0,12,3,What is the number of residential areas?,13.83,13.83,13.83,48.0
336,0.539,1,yes,yes,Is a farmland present?,13.84,13.84,13.84,48.0
337,0.866,0,0.0000000000000000000000000000000,8,What is the amount of medium water areas?,14.41,16.42,14.35,52.0
338,0.526,1,yes,yes,Is there a residential building at the top of a  road?,25.68,25.68,25.68,49.0
339,0.517,1,no.,no,Is a large residential building present in the image?,13.63,13.63,13.63,49.0
340,0.466,0,0,23,What is the amount of rectangular forests?,13.90,13.90,13.90,49.0
341,0.609,0,2000000,0,How many large roads are there?,13.81,15.41,13.70,51.0
342,0.529,0,less,yes,Are there less commercial buildings than water areas?,15.47,15.47,15.47,49.0
343,0.555,1,yes,yes,Is a medium building present in the image?,13.52,13.52,13.52,49.0
344,0.547,0,12,14,What is the number of small grass areas in the image?,13.53,13.53,13.53,49.0
345,0.617,0,125,3,What is the number of square residential buildings?,13.89,13.90,13.89,49.0
346,0.587,0,less,no,Are there less buildings than water areas?,14.23,14.23,14.23,49.0
347,0.528,0,more,yes,Are there more grass areas than water areas?,13.50,13.50,13.50,48.0
348,0.543,0,no.,yes,Are there less water areas than farmlands?,13.46,13.46,13.46,48.0
349,0.566,1,yes,yes,Is a orchard present?,13.77,13.77,13.77,48.0
350,0.561,0,no,yes,Are there less residential buildings than roads?,13.37,13.37,13.37,48.0
351,0.422,0,yes,no,Is a small farmland present?,13.49,13.49,13.49,49.0
352,0.516,1,yes,yes,Is a small commercial building present?,13.42,13.42,13.42,49.0
353,0.561,0,more,no,Are there more commercial buildings than farmlands in the image?,13.41,13.41,13.41,48.0
354,0.515,0,unknown,2,How many medium commercial buildings are there?,13.54,13.54,13.54,48.0
355,0.567,0,more,yes,Are there more commercial buildings than rectangular roads in the image?,13.47,13.47,13.47,48.0
356,0.539,0,12,no,Are there more circular water areas than buildings in the image?,13.58,13.58,13.58,48.0
357,0.466,0,0,no,Is the number of residential buildings equal to the number of water areas?,13.87,13.87,13.87,49.0
358,0.571,1,yes.,yes,Are there less forests than buildings?,13.69,13.69,13.69,48.0
359,0.489,1,no.,no,Are there more water areas than roads?,13.81,13.81,13.81,48.0
360,0.589,1,yes.,yes,Is a circular building present?,13.85,13.85,13.85,49.0
361,0.541,0,yes,no,Is there a large commercial building?,13.78,13.78,13.78,48.0
362,0.521,0,more.,yes,Are there more buildings than water areas?,13.45,13.45,13.45,49.0
363,0.501,0,more,yes,Are there more roads than grass areas?,13.85,13.85,13.85,49.0
364,0.469,1,yes,yes,Is there a building on the right of a  water area?,13.44,13.44,13.44,49.0
365,0.564,0,42,9,What is the amount of rectangular water areas?,13.51,13.51,13.51,49.0
366,0.550,0,yes.,no,Is there a square road?,13.78,13.78,13.78,49.0
367,0.696,0,125000,163,How many small residential buildings are there?,13.62,13.75,13.67,49.0
368,0.532,0,more,yes,Are there more residential buildings than water areas?,15.25,15.25,15.25,49.0
369,0.658,0,10000000,0,What is the number of large commercial buildings?,13.65,14.35,13.60,51.0
370,0.595,1,no,no,Is the number of buildings equal to the number of grass areas?,15.82,15.82,15.82,49.0
371,0.632,1,yes.,yes,Is there a small water area?,13.44,13.52,13.47,49.0
372,0.618,0,1.33e+09,3,What is the amount of large water areas?,13.92,14.88,13.86,50.0
373,0.478,0,1000,1,What is the amount of medium orchards?,15.86,15.86,15.86,49.0
374,0.573,1,no.,no,Is the number of commercial buildings equal to the number of square grass areas?,14.42,14.42,14.42,49.0
375,0.597,0,11,no,Are there less residential buildings than water areas in the image?,13.91,13.91,13.91,49.0
376,0.489,1,no,no,Are there less residential buildings than square water areas?,13.93,13.93,13.93,49.0
377,0.527,1,no.,no,Is a circular commercial building present?,13.42,13.42,13.42,49.0
378,0.642,0,350000,2,What is the amount of rectangular commercial buildings?,13.89,14.13,13.87,51.0
379,0.506,0,yes,no,Is a square commercial building present?,15.27,15.27,15.27,49.0
380,0.916,0,0.0000000000000000000000000000000,14,What is the amount of small water areas?,14.09,14.92,14.08,52.0
381,0.580,0,more,yes,Are there more buildings than forests?,25.14,25.14,25.14,49.0
382,0.520,0,0,no,Is the number of small water areas equal to the number of commercial buildings?,13.56,13.56,13.56,49.0
383,0.567,0,unknown,26,How many small forests are there?,13.67,13.67,13.67,49.0
384,0.510,0,yes,no,Are there less grass areas than water areas in the image?,13.50,13.50,13.50,49.0
385,0.515,0,less,no,Are there less commercial buildings than circular water areas?,13.54,13.54,13.54,49.0
386,0.517,1,no,no,Are there less residential buildings than forests?,13.52,13.52,13.52,49.0
387,0.538,0,12,164,What is the amount of residential buildings on the left of a  road?,13.51,13.51,13.51,49.0
388,0.516,1,yes.,yes,Is a medium water area next to a  farmland present?,14.03,14.03,14.03,49.0
389,0.489,0,more,yes,Are there more residential buildings than grass areas?,13.88,13.88,13.88,49.0
390,0.615,0,more.,no,Are there more residential buildings than roads?,13.51,13.56,13.53,49.0
391,0.549,1,yes,yes,Are there less square commercial buildings than grass areas?,13.80,13.80,13.80,49.0
392,0.478,0,0,no,Is the number of water areas equal to the number of circular commercial buildings?,13.51,13.51,13.51,49.0
393,0.520,0,more.,no,Are there more commercial buildings than roads?,13.66,13.66,13.67,49.0
394,0.522,0,0,no,Is the number of commercial buildings equal to the number of grass areas?,13.85,13.85,13.85,49.0
395,0.513,0,0,118,What is the number of rectangular buildings?,13.56,13.56,13.56,49.0
396,0.579,0,more,yes,Are there more residential buildings than circular water areas?,13.53,13.53,13.53,49.0
397,0.518,1,no.,no,Is the number of forests equal to the number of water areas?,13.54,13.54,13.54,49.0
398,0.599,0,1000000,3,How many medium buildings are there?,13.94,13.94,13.94,49.0
399,0.539,0,0,no,Is the number of square roads equal to the number of rectangular water areas?,15.53,15.53,15.53,49.0
400,0.527,1,rural,rural,Is it a rural or an urban area,13.67,13.67,13.67,49.0
401,0.568,0,unknown.,14,How many roads are there?,13.50,13.50,13.50,49.0
402,0.597,1,yes,yes,Is there a forest?,13.84,13.84,13.84,49.0
403,0.529,0,yes,no,Is there a medium water area?,13.47,13.47,13.47,49.0
404,0.521,0,4,1,What is the number of water areas?,13.51,13.51,13.51,49.0
405,0.514,1,yes,yes,Is a road present?,13.48,13.48,13.48,49.0
406,0.596,0,6000000,1,How many orchards are there?,13.52,13.52,13.52,49.0
407,0.511,1,yes,yes,Is a water area present in the image?,15.51,15.51,15.51,49.0
408,0.586,0,12,7,What is the number of farmlands in the image?,13.47,13.47,13.47,49.0
409,0.539,1,yes.,yes,Is there a farmland?,13.89,13.89,13.89,49.0
410,0.561,0,800,5,What is the number of forests?,13.81,13.81,13.81,49.0
411,0.508,1,4,4,How many grass areas are there?,14.87,14.87,14.87,49.0
412,0.569,1,yes,yes,Is there a grass area?,13.49,13.49,13.49,49.0
413,0.619,0,no.,yes,Is there a nature reserve?,13.41,13.44,13.43,51.0
414,0.576,0,yes,no,Is there a water area on the left of a  road?,13.77,13.77,13.77,49.0
415,0.524,1,yes.,yes,Are there less forests than roads?,13.55,13.55,13.55,49.0
416,0.516,1,no,no,Is a square road present?,13.84,13.84,13.84,49.0
417,0.513,0,yes,no,Is a medium road present?,13.47,13.47,13.47,49.0
418,0.513,0,no,yes,Is a rectangular farmland present in the image?,13.47,13.47,13.47,49.0
419,0.543,0,unknown,2,How many medium forests are there?,13.53,13.53,13.53,49.0
420,0.511,0,more.,no,Are there more farmlands than roads?,13.48,13.48,13.48,49.0
421,0.815,0,1250000000000000000,0,What is the amount of circular farmlands?,13.71,13.82,13.72,51.0
422,0.552,0,12,no,Is the number of farmlands equal to the number of water areas in the image?,19.82,19.82,19.82,49.0
423,0.580,0,1.38,0,What is the amount of large roads?,13.90,13.90,13.90,49.0
424,0.542,1,yes,yes,Is a large forest present?,14.85,14.85,14.85,49.0
425,0.471,0,more,no,Are there more water areas than forests?,13.52,13.52,13.52,49.0
426,0.534,0,3,0,What is the number of medium water areas?,13.52,13.52,13.52,49.0
427,0.548,1,yes,yes,Is there a orchard?,13.51,13.51,13.51,49.0
428,0.524,0,less,no,Are there less roads than rectangular grass areas?,13.52,13.52,13.52,49.0
429,0.523,0,1500,2,What is the number of nature reserves?,13.49,13.49,13.49,49.0
430,0.576,1,no,no,Is a square farmland present?,14.57,14.57,14.57,49.0
431,0.523,0,12,0,What is the amount of rectangular roads?,13.46,13.46,13.46,49.0
432,0.537,0,yes,no,Are there more grass areas than roads?,13.85,13.85,13.85,49.0
433,0.598,0,yes.,no,Are there less roads at the bottom of the  water area than farmlands?,13.45,13.45,13.45,49.0
434,0.528,0,more.,yes,Are there more roads than nature reserves?,13.90,13.90,13.90,49.0
435,0.446,0,yes,no,Is a small water area present?,13.77,13.77,13.77,49.0
436,0.530,0,more.,no,Are there more water areas than roads?,13.51,13.51,13.51,49.0
437,0.525,1,no.,no,Are there less roads than farmlands?,13.85,13.85,13.85,49.0
438,0.520,1,no,no,Are there less medium grass areas than small water areas?,13.85,13.85,13.85,49.0
439,0.479,0,unknown,no,Are there more small farmlands than water areas?,13.48,13.48,13.48,49.0
440,0.513,0,yes,no,Is a rectangular road present?,13.48,13.48,13.48,49.0
441,0.544,0,yes.,no,Is there a circular road?,13.53,13.53,13.53,49.0
442,0.595,1,yes,yes,Is a large water area present?,13.86,13.86,13.86,49.0
443,0.505,0,12,0,How many small water areas are there?,13.48,13.48,13.48,49.0
444,0.517,1,no.,no,Is a rectangular water area present?,13.89,13.89,13.89,49.0
445,0.556,0,no.,yes,Are there more nature reserves than water areas?,13.88,13.88,13.88,49.0
446,0.606,0,millions.,yes,Are there more roads than small forests?,13.85,13.85,13.85,49.0
447,0.555,0,more.,yes,Are there more roads than farmlands?,13.83,13.83,13.83,49.0
448,0.517,0,infinite,1,What is the number of rectangular forests?,13.81,13.81,13.81,49.0
449,0.571,0,0,no,Is the number of water areas equal to the number of roads?,13.57,13.57,13.57,49.0
450,0.578,0,yes,no,Is a circular water area present?,13.56,13.56,13.56,49.0
451,0.553,0,no,yes,Are there less water areas than roads?,13.48,13.48,13.48,49.0
452,0.520,0,3,0,How many medium farmlands are there in the image?,13.49,13.49,13.49,49.0
453,0.558,1,yes.,yes,Are there less farmlands than roads?,13.54,13.54,13.54,49.0
454,0.614,0,more,no,Are there more water areas than farmlands?,13.70,13.86,13.77,50.0
455,0.526,0,4,0,How many rectangular water areas are there?,13.51,13.51,13.51,49.0
456,0.476,0,0,no,Is the number of water areas equal to the number of medium nature reserves?,13.57,13.56,13.56,49.0
457,0.574,0,yes,no,Is there a road on the right of the  water area?,13.54,13.54,13.54,49.0
458,0.466,0,less,no,Are there less roads than water areas?,13.54,13.54,13.54,49.0
459,0.533,0,yes.,no,Is there a small nature reserve?,13.51,13.51,13.51,49.0
460,0.720,0,1000000000000000000,4,What is the amount of large grass areas?,14.34,15.89,14.26,52.0
461,0.554,0,no.,yes,Are there less water areas than forests?,19.77,19.77,19.77,49.0
462,0.566,0,more.,yes,Are there more roads than forests?,14.20,14.20,14.20,49.0
463,0.544,0,more,yes,Are there more water areas than medium roads?,13.83,13.83,13.83,49.0
464,0.561,1,0,0,How many square roads are there?,13.51,13.51,13.51,49.0
465,0.549,1,no.,no,Is the number of water areas equal to the number of farmlands?,13.48,13.48,13.48,49.0
466,0.537,0,12,no,Is the number of roads equal to the number of water areas in the image?,13.91,13.91,13.91,49.0
467,0.476,0,yes.,no,Are there less roads than circular farmlands?,13.84,13.84,13.84,49.0
468,0.530,1,yes,yes,Is a water area next to a  road present?,13.91,13.91,13.91,49.0
469,0.545,1,no,no,Is there a circular grass area in the image?,13.54,13.54,13.54,49.0
470,0.571,0,forests,yes,Are there more forests than water areas in the image?,13.51,13.51,13.51,49.0
471,0.565,1,yes,yes,Is a road next to a  farmland present?,13.89,13.89,13.89,49.0
472,0.552,0,2500,0,How many square water areas are there?,13.46,13.46,13.46,49.0
473,0.537,1,yes,yes,Is a large grass area present?,14.54,14.54,14.54,49.0
474,0.533,1,no.,no,Are there less farmlands than water areas?,13.46,13.46,13.46,49.0
475,0.612,1,no.,no,Is a square orchard present?,13.73,13.83,13.78,49.0
476,0.574,0,unknown.,no,Are there more circular roads than water areas?,13.83,13.83,13.83,49.0
477,0.458,1,no,no,Is the number of farmlands equal to the number of roads?,13.81,13.81,13.81,49.0
478,0.535,1,no.,no,Are there more rectangular nature reserves than forests?,13.57,13.57,13.57,49.0
479,0.584,0,yes.,no,Is there a square grass area?,13.93,13.93,13.93,49.0
480,0.511,0,unknown,0,What is the amount of small forests?,13.87,13.87,13.87,49.0
481,0.534,0,0,no,Is the number of rectangular orchards equal to the number of roads?,13.50,13.50,13.50,49.0
482,0.500,0,no,yes,Are there less water areas than farmlands?,13.54,13.54,13.54,49.0
483,0.600,0,0,no,Is the number of grass areas equal to the number of roads?,13.50,13.50,13.50,49.0
484,0.597,0,4,0,What is the amount of roads next to a  small nature reserve?,13.59,13.59,13.59,49.0
485,0.528,1,no.,no,Is a water area at the top of a  road present?,13.60,13.60,13.60,49.0
486,0.541,0,0,no,Is the number of nature reserves equal to the number of water areas?,13.88,13.88,13.88,49.0
487,0.557,1,0,0,What is the number of square forests?,13.59,13.59,13.59,49.0
488,0.517,0,12,0,How many square grass areas are there?,13.50,13.50,13.50,49.0
489,0.574,0,infinite,yes,Are there more roads than circular water areas?,13.88,13.88,13.88,49.0
490,0.503,1,no.,no,Is the number of water areas equal to the number of forests?,13.54,13.54,13.54,49.0
491,0.546,0,0,no,Is the number of grass areas equal to the number of rectangular roads?,13.92,13.92,13.92,49.0
492,0.520,0,more,yes,Are there more farmlands than water areas in the image?,13.52,13.52,13.52,49.0
493,0.542,0,0,no,Is the number of square grass areas equal to the number of farmlands?,13.56,13.56,13.56,49.0
494,0.526,1,no,no,Is a water area at the bottom of a  forest present?,13.56,13.56,13.56,49.0
495,0.513,0,1,0,What is the number of water areas on the left of a  farmland?,13.51,13.51,13.51,49.0
496,0.516,1,0,0,What is the amount of roads at the bottom of a  medium water area?,13.56,13.56,13.56,49.0
497,0.526,0,0,no,Is the number of roads equal to the number of forests?,13.53,13.53,13.53,49.0
498,0.519,0,2,0,How many large water areas on the right of a  circular forest are there in the image?,13.56,13.56,13.56,49.0
499,0.520,0,3,0,What is the number of roads on the right of the  water area?,13.64,13.64,13.64,49.0
500,0.548,0,rural,urban,Is it a rural or an urban area,13.56,13.56,13.56,49.0
501,0.579,1,yes,yes,Is there a residential building?,13.51,13.51,13.51,49.0
502,0.539,0,125,6891,What is the number of residential buildings?,13.52,13.52,13.52,49.0
503,0.572,0,1272,984,What is the amount of roads in the image?,14.23,14.23,14.23,49.0
504,0.545,1,yes,yes,Is a medium water area present?,14.50,14.50,14.50,49.0
505,0.496,0,4,44,How many commercial buildings are there in the image?,13.49,13.49,13.49,49.0
506,0.509,0,3,295,What is the number of grass areas?,13.56,13.56,13.56,49.0
507,0.541,1,yes.,yes,Is there a rectangular commercial building?,13.49,13.49,13.49,49.0
508,0.457,1,yes,yes,Is a commercial building present?,13.93,13.93,13.93,49.0
509,0.574,0,unknown,48,How many medium forests are there?,13.52,13.52,13.52,49.0
510,0.519,1,yes.,yes,Is a building present?,13.46,13.46,13.46,49.0
511,0.559,0,3,40,What is the number of water areas?,13.83,13.83,13.83,49.0
512,0.572,0,more.,no,Are there more water areas than commercial buildings?,13.46,13.46,13.46,49.0
513,0.629,0,13.4,178,How many forests are there?,13.88,13.89,13.88,52.0
514,0.572,0,not,4,What is the amount of scrubs?,14.89,14.89,14.89,49.0
515,0.638,0,1400000000,38,How many farmlands are there?,14.35,15.61,14.26,52.0
516,0.519,0,1,50,What is the number of rectangular grass areas?,16.67,16.67,16.67,49.0
517,0.563,0,2500,91,What is the amount of medium grass areas?,13.54,13.54,13.54,49.0
518,0.506,0,1,8,What is the number of large water areas?,14.58,14.58,14.58,49.0
519,0.474,1,yes.,yes,Is a small road present?,13.57,13.57,13.57,49.0
520,0.572,1,yes,yes,Is there a road?,13.88,13.88,13.88,49.0
521,0.486,1,yes.,yes,Is there a water area?,13.48,13.48,13.48,49.0
522,0.536,1,no,no,Is the number of farmlands equal to the number of water areas?,13.88,13.88,13.88,49.0
523,0.560,0,more.,yes,Are there more buildings than parkings?,13.57,13.57,13.57,49.0
524,0.574,0,12,6998,How many buildings are there?,13.95,13.95,13.95,49.0
525,0.486,0,yes,no,Is there a large road on the left of a  road?,13.89,13.89,13.89,49.0
526,0.558,0,more,no,Are there more water areas than buildings?,13.59,13.59,13.59,49.0
527,0.516,1,yes.,yes,Is a large commercial building present?,13.53,13.53,13.53,49.0
528,0.451,1,no.,no,Is the number of residential buildings equal to the number of village greens?,13.90,13.90,13.90,49.0
529,0.551,0,less,yes,Are there less water areas than buildings?,14.06,14.06,14.06,49.0
530,0.509,0,less,no,Are there less buildings than grass areas?,13.52,13.52,13.52,49.0
531,0.578,0,unknown.,no,Are there more square water areas than roads?,13.51,13.51,13.51,49.0
532,0.457,1,yes,yes,Is a square grass area present?,13.83,13.83,13.83,49.0
533,0.523,0,0,no,Is the number of large buildings equal to the number of cemeterys?,13.49,13.49,13.49,49.0
534,0.570,0,millions,5,How many large commercial buildings are there?,13.67,13.67,13.67,49.0
535,0.456,0,more,yes,Are there more roads than forests?,13.56,13.56,13.56,49.0
536,0.477,1,yes.,yes,Is there a forest?,13.53,13.53,13.53,49.0
537,0.542,0,yes,no,Are there less residential buildings than grass areas in the image?,13.87,13.87,13.87,49.0
538,0.487,1,yes,yes,Is there a medium commercial building?,13.67,13.67,13.67,49.0
539,0.487,1,yes,yes,Are there less roads than residential buildings?,13.51,13.51,13.51,49.0
540,0.493,0,unknown,23,What is the number of medium residential buildings?,13.59,13.59,13.59,49.0
541,0.553,1,yes.,yes,Is there a parking?,13.58,13.58,13.58,49.0
542,0.561,1,yes,yes,Is a small commercial building present?,13.87,13.87,13.87,49.0
543,0.562,1,yes,yes,Is a farmland present?,13.52,13.52,13.52,49.0
544,0.515,1,yes,yes,Is a rectangular building present in the image?,13.48,13.48,13.48,49.0
545,0.486,1,yes,yes,Is there a grass area?,13.59,13.59,13.59,49.0
546,0.536,0,more.,no,Are there more water areas than roads?,13.54,13.54,13.54,49.0
547,0.593,0,more.,yes,Are there more buildings than forests?,13.89,13.89,13.89,49.0
548,0.506,0,more,yes,Are there more commercial buildings than water areas?,13.90,13.90,13.90,49.0
549,0.511,1,yes,yes,Is a large forest present?,13.56,13.56,13.56,49.0
550,0.505,0,25,no,Is the number of grass areas equal to the number of commercial buildings?,13.58,13.58,13.58,49.0
551,0.818,0,1000000000000000000,0,How many large roads are there?,13.69,13.93,13.70,49.0
552,0.508,0,0,no,Is the number of roads equal to the number of square grass areas?,19.67,19.67,19.67,49.0
553,0.523,1,yes.,yes,Is a square building present?,13.62,13.62,13.62,49.0
554,0.566,1,yes,yes,Is a small grass area present?,13.87,13.87,13.87,49.0
555,0.520,0,more.,no,Are there more water areas than residential buildings?,13.51,13.51,13.51,49.0
556,0.584,0,yes,no,Is a rectangular road present?,13.92,13.92,13.92,49.0
557,0.536,0,yes,no,Are there less roads than square grass areas?,13.48,13.48,13.48,49.0
558,0.538,0,4,0,What is the number of square roads?,13.53,13.53,13.53,49.0
559,0.567,0,12,0,What is the number of square commercial buildings?,13.54,13.54,13.54,49.0
560,0.497,0,15,no,Is the number of buildings equal to the number of grass areas in the image?,13.83,13.83,13.83,49.0
561,0.555,0,6500,4,What is the number of sports centres?,14.05,14.05,14.05,49.0
562,0.503,0,no,yes,Is a rectangular forest present?,14.52,14.52,14.52,49.0
563,0.521,0,buildings,yes,Are there more buildings than water areas in the image?,13.52,13.52,13.52,49.0
564,0.545,0,more,yes,Are there more water areas than medium buildings?,13.57,13.57,13.57,49.0
565,0.567,0,yes,no,Is a circular commercial building present?,13.54,13.54,13.54,49.0
566,0.497,1,yes,yes,Is there a rectangular residential building?,13.52,13.52,13.52,49.0
567,0.559,0,more,yes,Are there more forests than commercial buildings?,13.57,13.57,13.57,49.0
568,0.553,0,not,no,Is the number of medium cemeterys equal to the number of water areas?,13.60,13.60,13.60,49.0
569,0.551,1,yes,yes,Is there a large grass area in the image?,13.59,13.59,13.59,49.0
570,0.558,1,yes,yes,Is a pitch present?,13.55,13.55,13.55,49.0
571,0.560,0,0,no,Is the number of grass areas equal to the number of buildings?,13.48,13.48,13.48,49.0
572,0.563,0,12,29,How many small water areas are there?,13.60,13.61,13.61,49.0
573,0.586,0,10,no,Is the number of water areas equal to the number of roads?,13.89,13.89,13.89,49.0
574,0.560,0,less,no,Are there less commercial buildings than water areas?,13.90,13.90,13.90,49.0
575,0.566,0,yes,no,Is a large road present?,13.53,13.53,13.53,49.0
576,0.514,1,no,no,Is the number of square commercial buildings equal to the number of residential buildings?,13.51,13.51,13.51,49.0
577,0.525,0,0,no,Is the number of medium forests equal to the number of residential buildings?,13.73,13.73,13.73,49.0
578,0.487,1,no,no,Are there less residential buildings than water areas?,13.60,13.60,13.60,49.0
579,0.467,0,12,27,What is the number of parkings?,13.60,13.60,13.60,49.0
580,0.569,0,more.,no,Are there more commercial buildings than roads?,13.90,13.90,13.90,49.0
581,0.563,0,450000,1,What is the amount of large residential buildings?,13.92,13.92,13.92,49.0
582,0.532,0,0,no,Are there more square water areas than medium residential buildings?,15.32,15.32,15.32,49.0
583,0.569,0,0,no,Is the number of commercial buildings at the bottom of a  parking equal to the number of forests?,13.60,13.61,13.60,49.0
584,0.580,0,10,no,Is the number of commercial buildings equal to the number of water areas in the image?,13.69,13.69,13.69,49.0
585,0.502,1,0,0,What is the amount of circular forests?,13.90,13.90,13.90,49.0
586,0.540,1,yes.,yes,Is there a playground?,13.55,13.55,13.55,49.0
587,0.593,1,yes.,yes,Is a circular building present?,13.91,13.91,13.91,49.0
588,0.534,0,more.,no,Are there more grass areas than residential buildings?,13.85,13.85,13.85,49.0
589,0.542,0,0,no,Are there more square roads than buildings?,13.94,13.94,13.94,49.0
590,0.568,0,yes,no,Is a medium road present?,13.49,13.49,13.49,49.0
591,0.502,1,no.,no,Is the number of buildings equal to the number of roads?,13.51,13.51,13.51,49.0
592,0.545,0,more,no,Are there more commercial buildings than rectangular grass areas?,13.95,13.95,13.95,49.0
593,0.771,0,1000000000000000000,0,What is the amount of medium roads?,13.84,14.66,13.80,52.0
594,0.552,0,0,no,Is the number of water areas equal to the number of commercial buildings?,19.81,19.81,19.81,49.0
595,0.541,1,no.,no,Is there a circular road in the image?,13.59,13.59,13.59,49.0
596,0.549,0,more.,yes,Are there more residential buildings than roads?,13.88,13.88,13.88,49.0
597,0.493,0,one,0,How many circular roads are there?,13.96,13.96,13.96,49.0
598,0.554,0,less,yes,Are there less medium water areas than commercial buildings?,13.54,13.54,13.54,49.0
599,0.536,0,no,yes,Is there a square water area?,13.54,13.54,13.54,49.0
600,0.522,1,rural,rural,Is it a rural or an urban area,13.47,13.47,13.47,49.0
601,0.497,1,yes,yes,Is there a forest?,13.54,13.54,13.54,49.0
602,0.528,0,12,21,How many buildings are there?,13.49,13.49,13.49,49.0
603,0.608,0,929,170,What is the number of forests?,13.87,13.87,13.87,49.0
604,0.584,0,1.5e12,0,What is the amount of large roads?,14.53,14.53,14.53,49.0
605,0.542,1,yes,yes,Is a grass area present?,15.63,15.63,15.63,49.0
606,0.575,0,125,15,What is the number of residential buildings?,13.55,13.55,13.55,49.0
607,0.567,1,yes,yes,Is a water area present?,14.30,14.30,14.30,49.0
608,0.499,0,12,23,What is the number of water areas?,13.56,13.55,13.55,49.0
609,0.535,1,yes.,yes,Is there a road?,13.92,13.92,13.92,49.0
610,0.581,0,less,yes,Are there less commercial buildings than water areas?,13.90,13.90,13.90,49.0
611,0.721,0,1000000000000000000,182,What is the number of roads?,14.19,16.04,14.10,53.0
612,0.500,1,yes.,yes,Is a rectangular commercial building present?,19.67,19.67,19.67,49.0
613,0.541,0,buildings,no,Are there more buildings than forests?,14.00,14.00,14.00,49.0
614,0.575,1,no.,no,Is the number of roads equal to the number of commercial buildings?,13.63,13.63,13.63,49.0
615,0.581,0,12345,6,What is the number of commercial buildings?,13.97,13.97,13.97,49.0
616,0.539,1,yes,yes,Are there less buildings than roads?,15.03,15.03,15.03,49.0
617,0.520,1,yes,yes,Is there a residential building?,13.60,13.60,13.60,49.0
618,0.635,0,1.2e21,17,What is the amount of small water areas?,13.69,14.36,13.64,52.0
619,0.652,0,600000,0,What is the amount of square commercial buildings?,15.17,15.37,15.25,52.0
620,0.508,1,yes,yes,Is a commercial building present?,15.34,15.34,15.34,49.0
621,0.550,1,no.,no,Is there a circular commercial building?,13.62,13.62,13.62,49.0
622,0.576,0,yes.,no,Is there a square residential building?,13.91,13.91,13.92,49.0
623,0.503,0,3,25,How many medium forests are there in the image?,13.89,13.89,13.89,49.0
624,0.510,0,0,no,Is the number of square water areas equal to the number of commercial buildings?,13.65,13.65,13.65,49.0
625,0.489,1,yes.,yes,Is there a building?,13.74,13.74,13.74,49.0
626,0.571,0,125000,1,What is the amount of medium residential buildings?,13.94,13.94,13.94,49.0
627,0.444,1,yes,yes,Is there a nature reserve?,15.42,15.42,15.42,49.0
628,0.557,0,more.,no,Are there more buildings than roads?,13.62,13.62,13.62,49.0
629,0.595,0,0,no,Is the number of large roads equal to the number of forests?,13.94,13.94,13.94,49.0
630,0.537,0,less,no,Are there less water areas than residential buildings?,13.64,13.64,13.64,49.0
631,0.728,0,120000000000000000,41,What is the amount of grass areas?,14.27,16.17,14.18,52.0
632,0.791,0,12345678901234567890,7,What is the amount of square water areas?,18.10,19.37,18.28,51.0
633,0.626,0,more.,no,Are there more residential buildings than roads?,19.03,20.03,19.45,51.0
634,0.493,0,125,no,Is the number of residential buildings equal to the number of roads in the image?,14.03,14.03,14.03,49.0
635,0.580,0,no,yes,Is a rectangular water area present?,14.51,14.51,14.51,49.0
636,0.463,0,10,no,Is the number of buildings equal to the number of water areas?,13.57,13.57,13.57,49.0
637,0.511,0,3,1,What is the number of circular forests in the image?,14.02,14.02,14.02,49.0
638,0.577,0,12,no,Is the number of commercial buildings equal to the number of water areas in the image?,13.60,13.61,13.61,49.0
639,0.568,0,125000,13,What is the amount of small residential buildings?,14.06,14.06,14.06,49.0
640,0.575,0,no,yes,Are there less residential buildings than roads?,15.38,15.38,15.38,49.0
641,0.468,0,medium,yes,Is a medium building present?,13.64,13.64,13.64,49.0
642,0.468,0,zero,175,How many roads at the bottom of a  residential building are there?,13.59,13.59,13.59,49.0
643,0.513,0,yes,no,Are there less residential buildings than heaths?,13.77,13.77,13.77,49.0
644,0.526,0,10,no,Are there more buildings next to a  road than buildings?,13.64,13.64,13.64,49.0
645,0.579,0,more.,yes,Are there more roads than buildings?,13.98,13.98,13.98,49.0
646,0.514,1,yes,yes,Is a medium commercial building present?,13.92,13.92,13.92,49.0
647,0.603,0,12,15,What is the number of residential buildings at the bottom of a  road?,13.54,13.54,13.54,49.0
648,0.559,0,yes.,no,Are there less forests than residential buildings?,14.10,14.10,14.10,49.0
649,0.639,1,no.,no,Is the number of forests equal to the number of commercial buildings?,13.74,13.94,13.82,49.0
650,0.512,0,3.13,93,What is the amount of large forests?,13.97,13.97,13.97,49.0
651,0.591,0,more.,yes,Are there more forests than commercial buildings?,14.62,14.62,14.62,49.0
652,0.511,0,0,1,How many square forests are there in the image?,13.99,13.99,13.99,49.0
653,0.549,1,yes,yes,Is there a building on the right of a  road?,13.61,13.61,13.61,49.0
654,0.573,1,no.,no,Is the number of commercial buildings equal to the number of roads?,13.65,13.65,13.65,49.0
655,0.587,0,0,15,What is the amount of residential buildings at the top of a  water area?,13.96,13.96,13.96,49.0
656,0.570,0,0,no,Is the number of water areas equal to the number of buildings?,13.79,13.79,13.79,49.0
657,0.590,1,no,no,Is a circular road present in the image?,13.61,13.61,13.61,49.0
658,0.682,0,1000000000000000000,14,What is the amount of heaths?,14.05,17.07,13.84,52.0
659,0.524,0,not.,no,Is the number of grass areas equal to the number of residential buildings?,19.73,19.73,19.73,50.0
660,0.516,0,0,no,Is the number of commercial buildings equal to the number of forests?,14.06,14.06,14.06,49.0
661,0.627,0,1300000000000,13,What is the number of farmlands?,14.10,16.81,13.91,53.0
662,0.528,0,more,no,Are there more commercial buildings than water areas?,17.76,17.76,17.76,50.0
663,0.507,1,yes,yes,Are there less grass areas than roads in the image?,13.59,13.59,13.59,49.0
664,0.595,0,less,yes,Are there less commercial buildings than forests in the image?,13.60,13.60,13.60,49.0
665,0.559,0,12,0,How many rectangular nature reserves are there?,13.66,13.66,13.66,49.0
666,0.483,0,less,no,Are there less roads than water areas?,14.02,14.02,14.02,49.0
667,0.743,0,1200000000000000000,1,How many industrials are there?,14.17,15.80,14.10,53.0
668,0.490,1,yes,yes,Is there a small forest?,19.90,19.90,19.90,50.0
669,0.552,0,12,14,What is the number of buildings next to a  water area?,13.67,13.67,13.67,49.0
670,0.512,0,12,3,What is the number of parkings?,14.05,14.05,14.05,49.0
671,0.557,0,12,0,What is the amount of rectangular roads?,13.92,13.92,13.92,49.0
672,0.504,0,yes,no,Is a medium road present?,13.90,13.90,13.90,49.0
673,0.569,1,yes,yes,Is a farmland present?,13.60,13.60,13.60,49.0
674,0.570,1,yes,yes,Is a heath next to a  commercial building present?,13.53,13.53,13.53,49.0
675,0.519,0,more,yes,Are there more water areas than commercial buildings?,13.61,13.61,13.61,49.0
676,0.595,1,no.,no,Are there more residential buildings than forests?,13.64,13.64,13.64,49.0
677,0.573,1,yes,yes,Is there a small water area?,13.93,13.93,13.93,49.0
678,0.471,0,less,yes,Are there less commercial buildings than grass areas?,13.57,13.57,13.57,49.0
679,0.510,1,no.,no,Is the number of roads equal to the number of small residential buildings?,13.61,13.61,13.61,49.0
680,0.508,0,less,yes,Are there less buildings than water areas?,14.09,14.09,14.09,49.0
681,0.526,1,no,no,Is there a circular residential building in the image?,13.62,13.62,13.62,49.0
682,0.449,0,more.,yes,Are there more roads than water areas?,13.62,13.62,13.62,49.0
683,0.521,0,unknown,2,What is the number of medium commercial buildings?,13.93,13.93,13.93,49.0
684,0.542,1,yes,yes,Is a road on the right of a  water area present?,13.59,13.59,13.59,49.0
685,0.589,1,yes,yes,Is a rectangular building present?,13.65,13.65,13.65,49.0
686,0.566,0,forests,yes,Are there more forests than residential buildings?,13.58,13.58,13.58,49.0
687,0.552,0,yes,no,Are there less roads than residential buildings?,14.03,14.03,14.03,49.0
688,0.563,1,no.,no,Is the number of residential buildings equal to the number of parkings?,13.61,13.61,13.61,49.0
689,0.556,0,no.,yes,Is there a water area at the top of a  residential building?,14.04,14.04,14.04,49.0
690,0.450,1,yes,yes,Are there less residential buildings than grass areas?,14.10,14.10,14.10,49.0
691,0.561,0,no,yes,Are there less water areas than forests?,13.65,13.65,13.65,49.0
692,0.496,0,0,no,Is the number of commercial buildings equal to the number of rectangular roads?,13.58,13.58,13.58,49.0
693,0.511,0,less,no,Are there less rectangular forests than water areas?,13.74,13.74,13.74,49.0
694,0.555,1,yes.,yes,Is there a large water area?,13.62,13.62,13.62,49.0
695,0.516,0,more,yes,Are there more water areas than large roads?,13.90,13.90,13.90,49.0
696,0.539,0,unknown,no,Are there more circular commercial buildings than commercial buildings?,13.57,13.57,13.57,49.0
697,0.506,0,yes,no,Is there a rectangular road?,13.65,13.65,13.65,49.0
698,0.570,0,12,no,Is the number of water areas equal to the number of roads?,13.61,13.61,13.61,49.0
699,0.589,0,less,no,Are there less forests than commercial buildings?,13.97,13.97,13.97,49.0
700,0.523,1,rural,rural,Is it a rural or an urban area,13.63,13.63,13.63,49.0
701,0.602,0,more.,no,Are there more large residential buildings than commercial buildings?,13.54,13.54,13.54,49.0
702,0.482,1,yes,yes,Is a commercial building present?,14.11,14.11,14.11,49.0
703,0.873,0,1.000.000.000.000.000.000,193,What is the amount of roads?,13.68,13.90,13.68,49.0
704,0.549,1,yes,yes,Is a building present in the image?,21.97,21.97,21.97,50.0
705,0.541,0,4,19,How many orchards are there in the image?,13.69,13.69,13.69,50.0
706,0.804,0,120000000000000000,80,What is the amount of grass areas?,13.68,13.73,13.68,52.0
707,0.501,0,3,14,What is the number of water areas?,19.55,19.55,19.55,50.0
708,0.489,1,yes,yes,Is a grass area present?,13.59,13.59,13.59,50.0
709,0.512,1,yes,yes,Is a water area present?,13.66,13.66,13.66,50.0
710,0.540,1,yes.,yes,Is a road present?,13.59,13.59,13.59,49.0
711,0.498,0,medium,yes,Is there a medium building?,13.94,13.94,13.94,49.0
712,0.552,0,144,0,How many square roads are there?,13.65,13.65,13.65,49.0
713,0.457,1,yes,yes,Is there a residential building?,14.33,14.33,14.33,49.0
714,0.529,0,929,88,What is the number of forests?,13.63,13.63,13.63,49.0
715,0.584,0,millions,1,How many commercial buildings are there?,14.96,14.96,14.96,50.0
716,0.561,1,yes,yes,Is there a large water area?,13.63,13.63,13.63,49.0
717,0.538,1,no,no,Is a circular building present in the image?,13.63,13.63,13.63,49.0
718,0.536,0,125,331,What is the number of residential buildings?,13.63,13.63,13.63,49.0
719,0.536,1,no,no,Is the number of residential buildings equal to the number of roads?,14.39,14.39,14.39,49.0
720,0.546,0,yes.,no,Is there a circular commercial building?,13.81,13.81,13.81,49.0
721,0.628,0,13.8,36,What is the amount of farmlands?,13.89,13.94,13.91,52.0
722,0.964,0,0.0000000000000000000000000000000,12,What is the amount of small water areas?,14.46,14.69,14.47,52.0
723,0.589,0,6,334,What is the number of buildings in the image?,26.50,26.50,26.50,50.0
724,0.493,0,3,1,What is the number of medium water areas?,13.65,13.65,13.65,50.0
725,0.564,0,unknown,31,What is the number of small forests?,13.58,13.58,13.58,50.0
726,0.491,1,yes,yes,Is a forest present?,13.54,13.54,13.54,50.0
727,0.549,1,yes.,yes,Is there a rectangular building?,13.59,13.59,13.59,50.0
728,0.561,0,more.,yes,Are there more water areas than commercial buildings?,13.98,13.98,13.98,50.0
729,0.528,0,132,1,What is the amount of large water areas?,14.00,14.00,14.00,50.0
730,0.520,0,more.,yes,Are there more residential buildings than roads in the image?,14.32,14.32,14.32,50.0
731,0.497,0,more,no,Are there more grass areas than buildings in the image?,14.00,14.00,14.00,50.0
732,0.505,1,no,no,Are there more large roads than forests?,13.63,13.63,13.63,50.0
733,0.551,0,0,no,Is the number of residential buildings equal to the number of water areas?,13.59,13.59,13.59,50.0
734,0.511,0,less,no,Are there less residential buildings than water areas?,13.75,13.75,13.75,49.0
735,0.521,0,0,no,Is the number of commercial buildings equal to the number of roads?,13.64,13.64,13.64,50.0
736,0.510,1,yes,yes,Is a orchard present?,13.71,13.71,13.71,49.0
737,0.521,1,yes,yes,Is there a small residential building?,13.58,13.58,13.58,49.0
738,0.578,0,3,0,What is the number of circular buildings?,13.65,13.65,13.65,49.0
739,0.526,0,0,4,What is the number of rectangular water areas?,13.73,13.73,13.73,50.0
740,0.557,0,150000,1,What is the amount of medium residential buildings?,13.61,13.61,13.61,50.0
741,0.491,0,0,no,Is the number of forests equal to the number of residential buildings in the image?,15.41,15.41,15.41,50.0
742,0.538,1,yes,yes,Is a farmland present?,13.87,13.87,13.87,49.0
743,0.576,1,no.,no,Is the number of residential buildings equal to the number of circular grass areas?,13.57,13.57,13.57,49.0
744,0.583,0,12,330,How many small residential buildings are there in the image?,14.13,14.13,14.13,49.0
745,0.518,1,no.,no,Is the number of residential buildings equal to the number of orchards?,14.00,14.00,14.00,50.0
746,0.499,1,yes,yes,Is there a water area next to a  forest?,14.13,14.13,14.13,49.0
747,0.678,0,1200000000000000000,193,What is the number of small roads?,14.13,17.23,13.92,53.0
748,0.729,0,1000000000000000000,0,What is the amount of medium roads?,18.86,19.94,19.02,52.0
749,0.525,0,no,yes,Are there less water areas than residential buildings?,19.89,19.89,19.89,50.0
750,0.518,1,3,3,How many circular water areas are there in the image?,13.72,13.72,13.72,50.0
751,0.548,0,125000,9,What is the amount of residential areas?,13.68,13.68,13.68,50.0
752,0.589,1,yes.,yes,Is there a medium water area?,15.34,15.34,15.34,50.0
753,0.516,0,less,yes,Are there less water areas than rectangular buildings?,13.95,13.95,13.95,50.0
754,0.586,0,yes.,no,Is there a large building?,13.68,13.68,13.68,50.0
755,0.508,0,millions,no,Are there more large forests than buildings?,13.97,13.97,13.97,50.0
756,0.565,1,yes.,yes,Are there less forests than roads?,13.67,13.67,13.67,50.0
757,0.549,0,more.,yes,Are there more rectangular buildings than forests?,13.95,13.95,13.95,50.0
758,0.529,0,not,no,Is the number of water areas equal to the number of residential buildings?,14.05,14.05,14.05,50.0
759,0.595,0,no,yes,Are there less roads than residential buildings?,13.78,13.78,13.78,50.0
760,0.569,0,0,14,What is the amount of rectangular forests?,13.69,13.69,13.69,50.0
761,0.572,1,yes,yes,Is a commercial building next to a  water area present?,13.63,13.63,13.63,50.0
762,0.501,0,unknown,0,What is the amount of large buildings?,13.66,13.66,13.66,50.0
763,0.585,0,no.,yes,Is there a medium residential building in the image?,13.62,13.62,13.62,50.0
764,0.478,0,yes,no,Is there a circular grass area?,14.03,14.03,14.02,50.0
765,0.597,0,0,no,Is the number of roads equal to the number of water areas?,13.57,13.57,13.57,50.0
766,0.487,0,0,1,What is the number of commercial buildings at the bottom of a  water area?,13.62,13.62,13.62,50.0
767,0.544,1,yes,yes,Is a small forest present?,13.78,13.78,13.78,50.0
768,0.477,0,unknown,0,How many medium commercial buildings are there?,13.57,13.57,13.57,50.0
769,0.584,0,1000000,1,How many medium buildings are there?,13.68,13.68,13.68,50.0
770,0.518,1,no.,no,Is the number of residential buildings equal to the number of forests?,15.67,15.67,15.67,50.0
771,0.481,1,0,0,How many circular commercial buildings are there?,14.12,14.12,14.12,50.0
772,0.521,1,yes,yes,Are there less medium residential buildings than water areas?,13.62,13.62,13.62,50.0
773,0.621,0,less,yes,Are there less water areas than grass areas?,13.59,13.67,13.62,50.0
774,0.556,0,7,0,What is the number of circular roads?,13.60,13.60,13.60,50.0
775,0.537,0,yes,no,Is there a large road in the image?,13.53,13.53,13.53,50.0
776,0.503,1,yes,yes,Is a square water area present?,13.61,13.61,13.61,49.0
777,0.564,0,water,no,Are there more water areas than forests in the image?,13.59,13.59,13.59,49.0
778,0.531,0,250,no,Is the number of farmlands equal to the number of commercial buildings in the image?,13.66,13.66,13.66,49.0
779,0.607,0,1250,1,What is the number of small commercial buildings?,14.44,14.44,14.44,49.0
780,0.539,0,less,yes,Are there less commercial buildings than farmlands?,14.70,14.70,14.70,49.0
781,0.548,0,less,no,Are there less orchards than commercial buildings?,13.60,13.60,13.60,49.0
782,0.539,0,0,no,Is the number of water areas equal to the number of buildings?,13.57,13.57,13.57,49.0
783,0.568,0,no,yes,Are there less grass areas than residential buildings?,13.67,13.67,13.67,49.0
784,0.602,0,1000,0,What is the amount of square grass areas?,13.66,13.66,13.66,49.0
785,0.584,0,yes,no,Is there a square commercial building?,14.69,14.69,14.69,50.0
786,0.543,0,12,no,Is the number of commercial buildings at the bottom of a  farmland equal to the number of water areas?,13.63,13.63,13.63,49.0
787,0.574,1,yes,yes,Is a water area on the right of a  building present?,14.15,14.15,14.15,50.0
788,0.568,0,yes,no,Is there a forest on the left of the  small commercial building?,13.63,13.63,13.63,50.0
789,0.578,0,more.,no,Are there more farmlands than roads?,13.64,13.64,13.64,49.0
790,0.553,0,forests,yes,Are there more forests than square buildings?,13.92,13.92,13.92,49.0
791,0.575,1,no,no,Is a square forest present?,13.94,13.94,13.94,49.0
792,0.503,0,yes,no,Are there less roads than medium residential buildings?,13.52,13.52,13.52,49.0
793,0.606,1,yes,yes,Is there a small road?,13.65,13.65,13.65,49.0
794,0.568,0,unknown,no,Are there more circular water areas than residential buildings?,13.54,13.54,13.54,50.0
795,0.598,1,yes.,yes,Is there a parking?,13.63,13.63,13.63,49.0
796,0.912,0,0.0000000000000000000000000000000,14,What is the amount of water areas at the bottom of a  road?,14.45,15.21,14.43,53.0
797,0.524,1,0,0,What is the number of square commercial buildings?,25.20,25.20,25.20,50.0
798,0.604,0,100000000,0,What is the number of large commercial buildings?,13.59,13.59,13.59,50.0
799,0.539,0,yes,no,Are there less residential buildings than forests?,16.39,16.39,16.39,50.0
800,0.559,0,rural,urban,Is it a rural or an urban area,13.70,13.70,13.70,50.0
801,0.549,1,yes,yes,Is a commercial building present?,13.61,13.61,13.61,50.0
802,0.613,0,1.3e+11,24,What is the amount of water areas?,13.84,15.25,13.74,52.0
803,0.520,1,yes,yes,Is there a grass area?,15.67,15.67,15.67,50.0
804,0.508,0,12,3329,What is the number of buildings?,13.54,13.54,13.54,50.0
805,0.563,0,45,156,What is the amount of commercial buildings in the image?,13.96,13.96,13.96,50.0
806,0.541,1,yes,yes,Is there a water area?,13.93,13.93,13.93,50.0
807,0.522,0,more,yes,Are there more buildings than water areas?,13.56,13.56,13.56,50.0
808,0.555,1,yes.,yes,Is there a road?,13.59,13.59,13.59,50.0
809,0.507,0,7,661,How many roads are there in the image?,13.91,13.91,13.91,50.0
810,0.505,0,1.3,yes,Are there more farmlands than water areas?,13.62,13.62,13.62,50.0
811,0.506,1,yes,yes,Is a circular road present?,14.32,14.32,14.32,50.0
812,0.487,0,no,yes,Are there more residential buildings than forests?,13.61,13.61,13.61,50.0
813,0.512,1,yes,yes,Is a residential building present?,13.68,13.68,13.68,50.0
814,0.448,0,3,237,How many grass areas are there?,13.59,13.59,13.59,50.0
815,0.550,1,yes,yes,Is there a building?,13.62,13.62,13.62,50.0
816,0.563,0,$100b,37,What is the amount of medium commercial buildings?,13.59,13.59,13.59,50.0
817,0.538,0,medium,yes,Is there a medium orchard?,15.03,15.03,15.03,50.0
818,0.543,0,125,3088,How many residential buildings are there?,13.58,13.58,13.58,50.0
819,0.508,1,yes,yes,Is a farmland present?,14.36,14.36,14.36,50.0
820,0.909,0,0.0000000000000000000000000000000,16,What is the amount of small water areas?,14.21,15.53,14.17,52.0
821,0.538,1,yes,yes,Is a forest present?,24.84,24.84,24.84,50.0
822,0.582,1,yes.,yes,Is there a rectangular commercial building?,13.57,13.57,13.57,50.0
823,0.508,1,no.,no,Is the number of roads equal to the number of buildings?,13.97,13.97,13.97,50.0
824,0.610,0,"1,500,000",661,What is the amount of small roads?,14.27,15.88,14.16,53.0
825,0.524,1,no,no,Are there less residential buildings than water areas?,16.36,16.36,16.36,50.0
826,0.589,0,12,0,How many rectangular roads are there?,13.63,13.63,13.63,50.0
827,0.541,0,1400,72,What is the number of farmlands?,13.94,13.94,13.94,50.0
828,0.508,0,forests,yes,Are there more forests than water areas?,14.67,14.67,14.67,50.0
829,0.520,1,yes,yes,Is there a small commercial building in the image?,13.97,13.97,13.97,50.0
830,0.511,0,900,149,What is the number of forests?,13.64,13.64,13.64,50.0
831,0.515,1,yes,yes,Are there less medium roads than roads?,14.63,14.63,14.63,50.0
832,0.575,0,12,0,What is the amount of circular roads?,13.58,13.58,13.58,50.0
833,0.490,0,yes,no,Are there less buildings than square water areas?,13.97,13.97,13.97,50.0
834,0.587,1,yes,yes,Is a square residential building present?,13.64,13.64,13.64,50.0
835,0.584,0,forests,no,Are there less residential buildings than forests in the image?,13.62,13.62,13.62,50.0
836,0.565,0,0,no,Is the number of commercial buildings equal to the number of water areas?,14.02,14.02,14.02,50.0
837,0.533,0,3,80,What is the number of rectangular grass areas?,13.63,13.63,13.63,50.0
838,0.452,0,3,6,How many medium water areas are there?,13.63,13.63,13.63,50.0
839,0.533,0,more.,yes,Are there more buildings than roads?,13.62,13.62,13.62,50.0
840,0.564,1,yes.,yes,Is a parking present?,13.99,13.99,13.99,50.0
841,0.515,0,more.,yes,Are there more residential buildings than roads?,13.90,13.90,13.90,50.0
842,0.542,0,12,25,What is the number of parkings?,13.97,13.97,13.97,50.0
843,0.547,0,more.,no,Are there more farmlands than commercial buildings in the image?,13.88,13.88,13.88,50.0
844,0.533,0,yes,no,Are there less residential buildings than roads?,13.99,13.99,13.99,50.0
845,0.594,1,yes,yes,Is a circular grass area present?,13.66,13.66,13.66,50.0
846,0.548,0,more.,no,Are there more water areas than residential buildings?,13.57,13.57,13.57,50.0
847,0.566,1,yes,yes,Is a small residential building present?,14.01,14.01,14.01,50.0
848,0.570,0,no,yes,Are there less wetlands than water areas?,13.64,13.64,13.64,50.0
849,0.506,0,no,yes,Are there more water areas than square residential buildings?,13.59,13.59,13.59,50.0
850,0.561,0,0,no,Are there more square roads than residential buildings?,13.65,13.65,13.65,50.0
851,0.526,1,no.,no,Are there less roads than grass areas?,13.62,13.62,13.62,50.0
852,0.581,1,no.,no,Is the number of circular residential buildings equal to the number of roads?,13.88,13.88,13.88,50.0
853,0.542,1,yes,yes,Is there a rectangular water area?,14.08,14.08,14.08,50.0
854,0.530,0,0,1,How many small place of worships on the left of a  commercial building are there?,13.56,13.56,13.57,50.0
855,0.516,0,more,yes,Are there more buildings than parkings?,13.72,13.72,13.72,50.0
856,0.583,0,more.,yes,Are there more commercial buildings than parkings?,13.61,13.61,13.61,50.0
857,0.586,0,12000,6,What is the number of orchards?,13.91,13.91,13.91,50.0
858,0.713,0,1000000000000000000,0,How many large roads are there?,15.35,16.51,15.29,53.0
859,0.493,0,more.,yes,Are there more roads than water areas?,19.87,19.87,19.87,50.0
860,0.552,0,0,no,Is the number of buildings equal to the number of square roads?,13.98,13.98,13.98,50.0
861,0.551,0,no.,yes,Is there a circular residential building in the image?,13.67,13.67,13.67,50.0
862,0.514,0,100,12,What is the amount of medium parkings?,13.98,13.98,13.98,50.0
863,0.556,1,no.,no,Is the number of roads equal to the number of residential buildings?,14.27,14.27,14.27,50.0
864,0.841,0,1000000000000000000,39,How many large forests are there?,14.55,15.46,14.52,53.0
865,0.491,0,0,no,Is the number of commercial buildings equal to the number of forests?,22.12,22.12,22.12,50.0
866,0.555,1,no,no,Is the number of buildings equal to the number of grass areas?,13.69,13.69,13.69,50.0
867,0.529,1,yes,yes,Is a large residential building present?,13.64,13.64,13.64,50.0
868,0.538,0,yes.,no,Are there more forests than roads?,13.60,13.60,13.60,50.0
869,0.551,0,25000,104,What is the amount of small commercial buildings?,13.89,13.89,13.89,50.0
870,0.539,0,less,no,Are there less roads than water areas?,14.99,14.99,14.99,50.0
871,0.592,1,no.,no,Is the number of forests equal to the number of buildings?,13.59,13.59,13.59,50.0
872,0.540,0,more.,no,Are there more commercial buildings than roads?,13.99,13.99,13.99,50.0
873,0.549,0,0,no,Is the number of roads equal to the number of large water areas?,13.90,13.90,13.90,50.0
874,0.498,0,more,no,Are there more water areas than buildings?,13.62,13.62,13.62,50.0
875,0.528,0,yes,no,Are there less residential buildings than grass areas?,13.63,13.63,13.63,50.0
876,0.559,1,yes,yes,Is a large commercial building present?,13.59,13.59,13.59,50.0
877,0.524,0,zero,0,What is the number of circular forests?,13.59,13.59,13.59,50.0
878,0.515,0,no,yes,Is there a water area at the top of a  residential building?,13.57,13.57,13.57,50.0
879,0.529,0,1000,77,What is the amount of medium buildings?,13.70,13.70,13.70,50.0
880,0.536,0,yes,no,Is a rectangular road present?,14.62,14.62,14.62,50.0
881,0.522,0,less,yes,Are there less forests than commercial buildings in the image?,13.56,13.56,13.56,50.0
882,0.558,1,yes,yes,Is a place of worship present?,13.63,13.63,13.63,50.0
883,0.554,0,25,no,Is the number of grass areas equal to the number of residential buildings in the image?,13.60,13.60,13.60,50.0
884,0.576,0,0,no,Is the number of water areas equal to the number of buildings?,14.11,14.11,14.11,50.0
885,0.538,0,1000,52,What is the amount of small grass areas?,13.65,13.65,13.65,50.0
886,0.505,0,less,yes,Are there less water areas than buildings?,14.60,14.60,14.60,50.0
887,0.511,1,yes,yes,Is a large residential area present?,13.61,13.61,13.61,50.0
888,0.523,0,no,yes,Is a rectangular farmland present in the image?,13.58,13.58,13.58,50.0
889,0.509,0,unknown,3043,What is the amount of small residential buildings?,13.57,13.57,13.57,50.0
890,0.485,0,one,48,How many rectangular forests are there?,13.66,13.66,13.66,50.0
891,0.557,0,12,no,Is the number of circular water areas equal to the number of commercial buildings?,13.60,13.60,13.60,50.0
892,0.588,1,yes,yes,Is there a large grass area?,14.06,14.06,14.06,50.0
893,0.593,0,less,no,Are there less small buildings than water areas?,13.50,13.50,13.50,50.0
894,0.565,1,yes,yes,Is a large water area present?,13.57,13.57,13.57,50.0
895,0.528,0,more,no,Are there more large forests than commercial buildings?,13.58,13.58,13.58,50.0
896,0.497,0,12,0,What is the amount of circular commercial buildings in the image?,13.60,13.60,13.60,50.0
897,0.633,0,125000,7,What is the amount of residential areas?,14.04,14.20,14.03,52.0
898,0.590,0,25,no,Is the number of commercial buildings equal to the number of roads in the image?,15.32,15.32,15.32,50.0
899,0.560,1,yes,yes,Is a medium residential building present?,14.06,14.06,14.06,50.0
900,0.598,1,rural,rural,Is it a rural or an urban area,13.59,13.59,13.59,50.0
901,0.577,1,yes,yes,Is a residential building present?,13.56,13.56,13.56,50.0
902,0.577,0,250000000,172,What is the amount of grass areas?,13.57,13.57,13.57,50.0
903,0.514,1,yes,yes,Is a building at the bottom of a  grass area present?,16.39,16.39,16.39,50.0
904,0.617,1,yes,yes,Is a water area present?,13.58,13.65,13.61,50.0
905,0.539,0,unknown.,147,How many roads are there?,13.55,13.55,13.55,50.0
906,0.542,1,yes,yes,Is there a commercial building?,13.89,13.89,13.89,50.0
907,0.535,0,9,0,How many circular residential buildings are there?,13.57,13.57,13.57,50.0
908,0.535,0,0,1,What is the amount of circular forests?,13.62,13.62,13.62,50.0
909,0.530,1,yes,yes,Is a road present in the image?,13.57,13.57,13.57,50.0
910,0.536,1,yes.,yes,Is there a small commercial building?,13.52,13.52,13.52,50.0
911,0.521,0,12,263,What is the amount of buildings?,13.93,13.93,13.93,50.0
912,0.572,0,yes.,no,Is there a circular commercial building?,13.92,13.92,13.92,50.0
913,0.548,0,1200000,5,What is the amount of commercial buildings?,13.89,13.89,13.89,50.0
914,0.493,1,yes,yes,Is a building present?,15.68,15.68,15.68,50.0
915,0.569,0,more,no,Are there more residential areas than residential buildings?,13.54,13.54,13.54,50.0
916,0.644,1,yes,yes,Is a grass area present?,13.45,13.67,13.54,50.0
917,0.567,0,13.8,71,What is the amount of farmlands?,13.53,13.53,13.52,50.0
918,0.548,0,yes,no,Is a square road present?,14.63,14.63,14.63,50.0
919,0.503,0,yes.,no,Is a square building present?,13.48,13.48,13.48,50.0
920,0.564,0,no.,yes,Is there a residential building at the bottom of a  circular water area?,13.88,13.88,13.88,50.0
921,0.570,0,less,no,Are there less buildings than grass areas?,14.05,14.05,14.05,50.0
922,0.570,0,900,174,What is the number of forests?,13.61,13.61,13.61,50.0
923,0.540,0,127,251,How many residential buildings are there?,14.96,14.96,14.96,50.0
924,0.559,0,12,0,What is the number of rectangular roads?,14.31,14.31,14.31,50.0
925,0.522,1,yes,yes,Is a forest present?,14.29,14.29,14.29,50.0
926,0.519,0,more,no,Are there more grass areas than residential buildings?,13.55,13.55,13.55,50.0
927,0.526,0,no,yes,Are there less water areas at the bottom of a  large building than grass areas?,13.62,13.62,13.62,50.0
928,0.524,0,one,26,How many water areas are there?,13.60,13.60,13.60,50.0
929,0.537,1,no.,no,Is the number of roads equal to the number of buildings?,13.58,13.58,13.58,50.0
930,0.559,1,yes,yes,Are there less roads than grass areas?,13.99,13.99,13.99,50.0
931,0.510,0,0,no,Is the number of roads equal to the number of forests?,13.55,13.55,13.55,50.0
932,0.587,0,less,yes,Are there less small commercial buildings than forests?,13.63,13.63,13.63,50.0
933,0.494,0,unknown,147,How many small roads are there?,13.60,13.60,13.60,50.0
934,0.556,0,more.,yes,Are there more residential buildings than roads?,13.59,13.59,13.59,50.0
935,0.537,0,less,yes,Are there less commercial buildings than small roads?,13.94,13.94,13.94,50.0
936,0.536,1,yes.,yes,Is there a farmland?,13.59,13.59,13.59,50.0
937,0.565,0,yes,no,Is there a circular road?,13.85,13.85,13.85,50.0
938,0.549,0,yes,no,Are there less residential buildings than roads?,13.47,13.47,13.47,50.0
939,0.560,0,more,no,Are there more water areas than roads?,13.58,13.58,13.58,50.0
940,0.568,0,less,yes,Are there less commercial buildings than grass areas?,13.55,13.55,13.55,50.0
941,0.600,1,yes,yes,Is a commercial building at the top of a  road present?,13.59,13.59,13.59,50.0
942,0.936,0,0.0000000000000000000000000000000,14,What is the amount of small water areas?,14.13,14.90,14.11,52.0
943,0.472,1,yes,yes,Is there a large water area?,25.06,25.06,25.06,50.0
944,0.510,0,0,no,Are there more circular buildings than roads?,13.61,13.61,13.61,50.0
945,0.513,0,5,no,Is the number of water areas equal to the number of grass areas?,13.60,13.60,13.60,50.0
946,0.615,0,1000000,0,What is the number of large commercial buildings?,13.82,14.87,13.75,52.0
947,0.503,0,less,yes,Are there less commercial buildings than water areas?,15.74,15.74,15.74,50.0
948,0.590,1,yes.,yes,Is there a small water area?,13.61,13.61,13.61,50.0
949,0.546,0,less,yes,Are there less commercial buildings than roads?,13.87,13.87,13.87,50.0
950,0.555,0,less,no,Are there less roads than water areas in the image?,13.57,13.57,13.57,50.0
951,0.549,0,no,yes,Is a rectangular grass area present?,13.58,13.58,13.58,50.0
952,0.575,0,0,4,What is the amount of nature reserves at the top of a  building?,13.57,13.57,13.57,50.0
953,0.525,0,more,no,Are there more commercial buildings than forests?,13.63,13.63,13.63,50.0
954,0.559,0,125,150,What is the number of rectangular residential buildings?,13.60,13.60,13.60,50.0
955,0.461,0,0,no,Is the number of commercial buildings equal to the number of circular roads?,14.43,14.43,14.43,50.0
956,0.479,1,no,no,Are there less residential buildings than farmlands?,13.65,13.65,13.65,50.0
957,0.525,0,unknown,3,How many medium commercial buildings are there?,13.62,13.62,13.62,50.0
958,0.586,0,1200,242,What is the amount of small buildings?,13.59,13.59,13.59,50.0
959,0.519,1,yes.,yes,Is there a heath?,14.61,14.61,14.61,50.0
960,0.554,0,4,263,How many buildings on the left of a  road are there?,13.89,13.89,13.89,50.0
961,0.477,1,yes,yes,Are there less grass areas than buildings in the image?,13.61,13.61,13.61,50.0
962,0.589,1,no.,no,Is the number of forests equal to the number of roads?,13.65,13.65,13.65,50.0
963,0.504,0,no.,yes,Are there less roads than residential buildings?,13.94,13.94,13.94,50.0
964,0.576,0,3,2,What is the number of large residential buildings in the image?,14.01,14.01,14.01,50.0
965,0.558,0,12,16,What is the number of medium buildings?,13.74,13.74,13.74,50.0
966,0.526,1,yes,yes,Is a medium water area present?,13.91,13.91,13.91,50.0
967,0.500,0,less,no,Are there less buildings than water areas?,13.56,13.56,13.56,50.0
968,0.517,0,zero,152,What is the number of forests at the top of a  large building?,13.65,13.65,13.65,50.0
969,0.514,0,12500,2,What is the number of small commercial buildings?,13.65,13.64,13.64,50.0
970,0.540,0,no,yes,Are there more residential buildings than forests?,14.93,14.93,14.93,50.0
971,0.570,0,yes,no,Is there a large commercial building?,13.66,13.66,13.66,50.0
972,0.553,0,0,no,Is the number of water areas at the top of a  forest equal to the number of roads?,13.55,13.55,13.55,50.0
973,0.531,0,2,no,Is the number of water areas equal to the number of commercial buildings in the image?,13.73,13.73,13.73,50.0
974,0.578,0,12,5,What is the amount of commercial buildings at the top of a  road?,13.60,13.61,13.60,50.0
975,0.588,1,no.,no,Is the number of buildings equal to the number of roads?,14.04,14.04,14.04,50.0
976,0.497,0,0,no,Is the number of roads equal to the number of water areas?,13.95,13.95,13.95,50.0
977,0.507,0,yes,no,Are there less buildings than small water areas?,13.57,13.56,13.56,50.0
978,0.492,0,no.,yes,Are there more residential buildings than water areas?,13.64,13.64,13.64,50.0
979,0.486,1,0,0,How many square roads are there?,13.97,13.97,13.97,50.0
980,0.484,0,less,no,Are there less water areas than commercial buildings?,13.59,13.59,13.58,50.0
981,0.572,0,yes.,no,Is there a circular building?,13.65,13.65,13.65,50.0
982,0.591,0,12,no,Are there less buildings than rectangular roads in the image?,13.88,13.88,13.88,50.0
983,0.506,1,yes,yes,Is a pitch present?,13.99,13.99,13.99,50.0
984,0.623,0,1200000,3,What is the amount of large residential areas in the image?,13.77,15.05,13.68,52.0
985,0.551,0,less,no,Are there less roads than commercial buildings?,15.67,15.67,15.67,50.0
986,0.526,0,more.,yes,Are there more buildings than farmlands?,13.63,13.63,13.63,50.0
987,0.566,1,yes,yes,Is there a large building?,13.94,13.94,13.94,50.0
988,0.516,1,yes,yes,Is a water area next to a  residential building present?,13.52,13.52,13.52,50.0
989,0.609,0,1200,0,What is the number of medium nature reserves?,13.69,14.00,13.67,52.0
990,0.527,0,yes,no,Is a circular residential building present?,14.64,14.64,14.64,50.0
991,0.519,0,0,no,Is the number of residential buildings equal to the number of water areas?,13.64,13.64,13.64,50.0
992,0.548,0,3,56,What is the number of rectangular grass areas?,13.72,13.72,13.72,50.0
993,0.528,0,more.,no,Are there more roads than residential buildings?,13.63,13.63,13.63,50.0
994,0.477,1,no.,no,Is the number of forests equal to the number of buildings?,13.95,13.95,13.95,50.0
995,0.528,1,no,no,Is the number of commercial buildings equal to the number of grass areas?,14.00,14.00,14.00,50.0
996,0.613,0,no.,yes,Are there less commercial buildings than farmlands?,13.57,13.62,13.59,52.0
997,0.546,1,yes,yes,Is a small forest present?,13.94,13.94,13.94,50.0
998,0.534,0,more.,no,Are there more commercial buildings than water areas?,13.49,13.49,13.49,50.0
999,0.720,0,12345678901234567890,2,What is the amount of circular water areas?,14.63,16.66,14.53,53.0
